-- MySQL dump 10.13  Distrib 5.7.19, for Linux (x86_64)
--
-- Host: localhost    Database: api
-- ------------------------------------------------------
-- Server version	5.7.19-0ubuntu0.16.04.1

/*!40101 SET @OLD_CHARACTER_SET_CLIENT=@@CHARACTER_SET_CLIENT */;
/*!40101 SET @OLD_CHARACTER_SET_RESULTS=@@CHARACTER_SET_RESULTS */;
/*!40101 SET @OLD_COLLATION_CONNECTION=@@COLLATION_CONNECTION */;
/*!40101 SET NAMES utf8 */;
/*!40103 SET @OLD_TIME_ZONE=@@TIME_ZONE */;
/*!40103 SET TIME_ZONE='+00:00' */;
/*!40014 SET @OLD_UNIQUE_CHECKS=@@UNIQUE_CHECKS, UNIQUE_CHECKS=0 */;
/*!40014 SET @OLD_FOREIGN_KEY_CHECKS=@@FOREIGN_KEY_CHECKS, FOREIGN_KEY_CHECKS=0 */;
/*!40101 SET @OLD_SQL_MODE=@@SQL_MODE, SQL_MODE='NO_AUTO_VALUE_ON_ZERO' */;
/*!40111 SET @OLD_SQL_NOTES=@@SQL_NOTES, SQL_NOTES=0 */;

--
-- Table structure for table `migrations`
--

DROP TABLE IF EXISTS `migrations`;
/*!40101 SET @saved_cs_client     = @@character_set_client */;
/*!40101 SET character_set_client = utf8 */;
CREATE TABLE `migrations` (
  `id` int(10) unsigned NOT NULL AUTO_INCREMENT,
  `migration` varchar(255) COLLATE utf8mb4_unicode_ci NOT NULL,
  `batch` int(11) NOT NULL,
  PRIMARY KEY (`id`)
) ENGINE=InnoDB AUTO_INCREMENT=5 DEFAULT CHARSET=utf8mb4 COLLATE=utf8mb4_unicode_ci;
/*!40101 SET character_set_client = @saved_cs_client */;

--
-- Dumping data for table `migrations`
--

LOCK TABLES `migrations` WRITE;
/*!40000 ALTER TABLE `migrations` DISABLE KEYS */;
INSERT INTO `migrations` VALUES (1,'2014_10_12_000000_create_users_table',1),(2,'2014_10_12_100000_create_password_resets_table',1),(3,'2017_12_15_190234_create_products_table',1),(4,'2017_12_15_192128_create_reviews_table',1);
/*!40000 ALTER TABLE `migrations` ENABLE KEYS */;
UNLOCK TABLES;

--
-- Table structure for table `password_resets`
--

DROP TABLE IF EXISTS `password_resets`;
/*!40101 SET @saved_cs_client     = @@character_set_client */;
/*!40101 SET character_set_client = utf8 */;
CREATE TABLE `password_resets` (
  `email` varchar(255) COLLATE utf8mb4_unicode_ci NOT NULL,
  `token` varchar(255) COLLATE utf8mb4_unicode_ci NOT NULL,
  `created_at` timestamp NULL DEFAULT NULL,
  KEY `password_resets_email_index` (`email`)
) ENGINE=InnoDB DEFAULT CHARSET=utf8mb4 COLLATE=utf8mb4_unicode_ci;
/*!40101 SET character_set_client = @saved_cs_client */;

--
-- Dumping data for table `password_resets`
--

LOCK TABLES `password_resets` WRITE;
/*!40000 ALTER TABLE `password_resets` DISABLE KEYS */;
/*!40000 ALTER TABLE `password_resets` ENABLE KEYS */;
UNLOCK TABLES;

--
-- Table structure for table `products`
--

DROP TABLE IF EXISTS `products`;
/*!40101 SET @saved_cs_client     = @@character_set_client */;
/*!40101 SET character_set_client = utf8 */;
CREATE TABLE `products` (
  `id` int(10) unsigned NOT NULL AUTO_INCREMENT,
  `name` varchar(255) COLLATE utf8mb4_unicode_ci NOT NULL,
  `detail` text COLLATE utf8mb4_unicode_ci NOT NULL,
  `price` int(11) NOT NULL,
  `stock` int(11) NOT NULL,
  `discount` int(11) NOT NULL,
  `created_at` timestamp NULL DEFAULT NULL,
  `updated_at` timestamp NULL DEFAULT NULL,
  PRIMARY KEY (`id`)
) ENGINE=InnoDB AUTO_INCREMENT=101 DEFAULT CHARSET=utf8mb4 COLLATE=utf8mb4_unicode_ci;
/*!40101 SET character_set_client = @saved_cs_client */;

--
-- Dumping data for table `products`
--

LOCK TABLES `products` WRITE;
/*!40000 ALTER TABLE `products` DISABLE KEYS */;
INSERT INTO `products` VALUES (1,'alias','Temporibus quia quia consequuntur vel. Voluptatem optio veniam repellat at fuga. Iste et occaecati assumenda voluptatem neque. Quia possimus in sit quibusdam qui.',358,5,26,'2017-12-15 20:33:00','2017-12-15 20:33:00'),(2,'sunt','Provident in velit rerum repudiandae laboriosam aspernatur doloremque. Et voluptates fugit harum veritatis nisi. Voluptatem quod placeat cumque et sint dolores. Eligendi ut voluptatibus inventore rerum dicta autem modi.',370,9,9,'2017-12-15 20:33:00','2017-12-15 20:33:00'),(3,'perspiciatis','Laborum est praesentium ipsa ut architecto ea. Cumque et commodi sit quasi a perspiciatis. Adipisci totam a aut rerum non sunt in. Quibusdam error et quia voluptatibus nostrum ab.',524,0,22,'2017-12-15 20:33:00','2017-12-15 20:33:00'),(4,'dignissimos','Est sunt non deserunt ipsum recusandae. Qui explicabo autem occaecati explicabo sit repellat rerum.',266,4,2,'2017-12-15 20:33:00','2017-12-15 20:33:00'),(5,'nesciunt','Sit fugit minima odit iure. Vel mollitia deleniti vel qui et officiis itaque unde. Deleniti quia qui cumque praesentium. Molestiae consequatur placeat nihil commodi.',459,7,25,'2017-12-15 20:33:00','2017-12-15 20:33:00'),(6,'nam','Officiis et suscipit eum inventore. Quisquam delectus sequi facere optio. Nihil voluptas reiciendis sed ad adipisci.',246,5,19,'2017-12-15 20:33:00','2017-12-15 20:33:00'),(7,'dolorem','Voluptatem minima facilis ut consectetur nobis quasi. Assumenda sunt nostrum eum amet quo. Dolores maiores sint modi molestias dolore repudiandae eum ullam. Id est porro et enim qui.',801,3,19,'2017-12-15 20:33:00','2017-12-15 20:33:00'),(8,'necessitatibus','Fugiat perferendis minima accusantium provident voluptatum commodi blanditiis omnis. Qui magnam adipisci vel voluptas ut dicta. At et aliquid porro doloribus et. Quae distinctio recusandae ipsa hic.',453,9,10,'2017-12-15 20:33:00','2017-12-15 20:33:00'),(9,'voluptatum','Deleniti quasi odit perferendis totam deleniti distinctio. Animi id eum unde placeat repellendus et voluptates. Adipisci iusto ut sint laudantium. Minima natus est rem esse dignissimos.',631,8,25,'2017-12-15 20:33:00','2017-12-15 20:33:00'),(10,'corrupti','Suscipit molestias doloribus aut et quidem qui. Magni cum expedita quo consequatur. Similique earum officiis temporibus amet commodi.',829,3,4,'2017-12-15 20:33:00','2017-12-15 20:33:00'),(11,'consequuntur','Autem aut sequi debitis fuga. Aut doloribus sed est illum. Dolores et quia incidunt vel magni ut. Asperiores et nisi est. Sunt officia impedit voluptas officia magni sit.',239,6,2,'2017-12-15 20:33:00','2017-12-15 20:33:00'),(12,'laborum','Labore ut veritatis quis. Sapiente ut vel aut animi delectus enim. Amet suscipit dolores assumenda vero. Placeat animi quidem corrupti consequatur.',588,0,4,'2017-12-15 20:33:00','2017-12-15 20:33:00'),(13,'distinctio','Rerum quidem sint aliquid sed optio molestiae ex. Quia optio sint dolores exercitationem. Vel omnis perspiciatis reprehenderit saepe nihil. Nobis hic aliquam quod cumque.',268,9,16,'2017-12-15 20:33:00','2017-12-15 20:33:00'),(14,'expedita','Aut molestiae mollitia ut aut similique. Qui ut cupiditate in repellat. Aperiam eum voluptatem ut. Doloremque suscipit quis qui vitae quia nihil.',966,6,28,'2017-12-15 20:33:00','2017-12-15 20:33:00'),(15,'fuga','Est reprehenderit harum ipsum quis et eveniet consequuntur. Aliquid sed rem ea occaecati. Est molestiae velit et incidunt. Dolores dolorum minima alias numquam nihil.',748,8,19,'2017-12-15 20:33:00','2017-12-15 20:33:00'),(16,'provident','Velit quasi dolorum exercitationem quis illum. Corrupti et dolorum saepe non porro cumque nemo. Ex vel maxime deserunt enim officiis sunt incidunt. Quidem animi ratione atque delectus.',332,6,13,'2017-12-15 20:33:00','2017-12-15 20:33:00'),(17,'eos','Rerum praesentium qui autem alias quis. Non beatae quo quia minima veniam. Corporis accusamus fugiat aut quisquam architecto nobis ad.',399,0,29,'2017-12-15 20:33:00','2017-12-15 20:33:00'),(18,'non','Quam quisquam tempore quae culpa dicta ipsa. Alias est similique ullam vel. Voluptatum cum eos et quia. Fugiat consequatur corrupti consequatur vel qui.',844,6,17,'2017-12-15 20:33:00','2017-12-15 20:33:00'),(19,'aut','Molestiae est eius earum qui facilis eum et. Architecto nihil eos aliquid commodi temporibus quis. Ea veniam culpa enim eveniet ab. Est natus ex sint libero quaerat perferendis facilis.',376,9,18,'2017-12-15 20:33:00','2017-12-15 20:33:00'),(20,'doloribus','Est reprehenderit assumenda quisquam voluptatem et quisquam et rerum. Non voluptatem assumenda et dolor aut minima. Fugit aut blanditiis ipsum dignissimos harum est. Dolorem doloremque doloremque voluptatem corporis ut ut expedita.',926,8,8,'2017-12-15 20:33:00','2017-12-15 20:33:00'),(21,'rerum','Ut repudiandae voluptatum minus totam. Qui qui laboriosam corrupti eos quam in cupiditate.',984,7,29,'2017-12-15 20:33:00','2017-12-15 20:33:00'),(22,'hic','Ad unde sapiente est fugit tenetur voluptatum. Cumque ipsam dolores incidunt error saepe.',822,5,21,'2017-12-15 20:33:00','2017-12-15 20:33:00'),(23,'molestiae','Totam aut quisquam ut molestiae est suscipit. Et id incidunt aliquam consequatur. Perferendis et vel dignissimos voluptatum ut fugit eos. Natus asperiores laborum quia enim impedit.',627,6,19,'2017-12-15 20:33:00','2017-12-15 20:33:00'),(24,'adipisci','Occaecati velit animi expedita sit. Occaecati impedit quo fuga fugiat in eum. Corporis qui itaque maiores eveniet. Laborum blanditiis minima iusto ut.',493,2,5,'2017-12-15 20:33:00','2017-12-15 20:33:00'),(25,'ipsam','Et eos iste voluptate nam molestias fugit. Libero magnam laudantium esse nostrum. Dignissimos cumque sunt et molestiae. Quibusdam vel molestiae repellat corporis dolor dolor.',738,2,5,'2017-12-15 20:33:00','2017-12-15 20:33:00'),(26,'quae','Natus eos est ipsam sit doloremque saepe. Accusantium cum ipsum reiciendis totam aut perspiciatis aut. Voluptatem voluptas exercitationem voluptatem eum non inventore.',634,9,29,'2017-12-15 20:33:00','2017-12-15 20:33:00'),(27,'velit','Aut illo nam repellendus omnis. Quod quidem pariatur dolores earum placeat amet neque. Eum aut incidunt illum et est quod. Blanditiis nemo reiciendis animi occaecati.',782,6,17,'2017-12-15 20:33:00','2017-12-15 20:33:00'),(28,'fuga','Eum voluptatem non veritatis quaerat. Consequatur fugit nihil natus placeat tempore illo. Rerum nisi est adipisci tempora quos molestiae inventore.',275,6,3,'2017-12-15 20:33:00','2017-12-15 20:33:00'),(29,'dolor','Asperiores suscipit a sed ipsum aspernatur. Dignissimos rerum expedita enim impedit nesciunt. Sit at quidem dolorum corporis temporibus.',705,6,15,'2017-12-15 20:33:00','2017-12-15 20:33:00'),(30,'atque','Veniam animi quia culpa blanditiis totam ut. Ea et consequatur in omnis aut. Facilis consequatur eaque voluptatem et perferendis. Sunt amet qui molestiae voluptates quis quidem dolore numquam. Architecto et mollitia culpa quod.',517,3,6,'2017-12-15 20:33:00','2017-12-15 20:33:00'),(31,'minus','Placeat omnis vel inventore et. Vel et ab illum exercitationem in. Reprehenderit dolores aut amet ut recusandae in omnis.',964,9,8,'2017-12-15 20:33:00','2017-12-15 20:33:00'),(32,'qui','Maxime laborum necessitatibus animi est ex atque ut. Excepturi iusto repudiandae expedita eius nihil vitae nisi. Et ab qui maxime. Qui nihil eum odit. Laudantium et fuga omnis adipisci nam.',985,7,19,'2017-12-15 20:33:00','2017-12-15 20:33:00'),(33,'totam','Dolorum nulla quasi aut temporibus. Inventore nihil laboriosam iste consequatur. Rerum quam eius in. Ratione placeat earum hic voluptates. At asperiores ad impedit voluptas necessitatibus totam id odio.',872,4,15,'2017-12-15 20:33:00','2017-12-15 20:33:00'),(34,'vitae','Quod ut aperiam doloribus rerum. Ratione et dolores fugit odit. Fugiat nihil natus veritatis delectus. Earum voluptatum deserunt sunt dolore minima. Doloribus quo sapiente sint consequatur dolorem aliquid.',310,7,13,'2017-12-15 20:33:00','2017-12-15 20:33:00'),(35,'quia','Nostrum rerum tempora consequuntur autem qui. In eligendi dolores non pariatur alias nobis.',764,0,21,'2017-12-15 20:33:00','2017-12-15 20:33:00'),(36,'nisi','Temporibus nihil similique praesentium iure perferendis. Reiciendis consequatur quaerat qui sed soluta. Nihil molestiae autem provident numquam aut asperiores. Modi ad suscipit unde nostrum adipisci laborum.',464,6,5,'2017-12-15 20:33:00','2017-12-15 20:33:00'),(37,'quisquam','Voluptas asperiores impedit deserunt non. Dicta a recusandae animi nisi. Eum beatae atque officia qui.',867,9,20,'2017-12-15 20:33:00','2017-12-15 20:33:00'),(38,'amet','Fugit id excepturi debitis qui. Nulla numquam est hic est sit soluta. Ex eum aut aliquid et fugiat.',220,0,23,'2017-12-15 20:33:00','2017-12-15 20:33:00'),(39,'aliquid','Qui corporis distinctio aut qui rem laborum. Delectus nesciunt deleniti perferendis libero beatae. Eaque iusto sit nam dolor fuga.',628,2,23,'2017-12-15 20:33:00','2017-12-15 20:33:00'),(40,'nulla','Qui qui amet labore repudiandae facere rerum. Nulla perferendis dolor qui quo. Facilis hic explicabo et.',191,3,10,'2017-12-15 20:33:00','2017-12-15 20:33:00'),(41,'aliquam','Fugit non et corrupti aut et. Quibusdam sunt quis et magnam sint expedita. In commodi cupiditate omnis saepe.',836,9,7,'2017-12-15 20:33:00','2017-12-15 20:33:00'),(42,'dolorum','Repellat ut at ipsam quis est. Debitis ab animi reiciendis sunt minus. Asperiores nulla labore vero atque quidem eius qui. Dignissimos necessitatibus doloribus aspernatur eveniet qui eius. Nemo odio perspiciatis eum totam molestias ipsum mollitia.',988,3,5,'2017-12-15 20:33:00','2017-12-15 20:33:00'),(43,'sequi','Aut quo reiciendis ut rerum repudiandae id. Voluptatem excepturi ipsam ex consequatur ut. Illo voluptatem et rem adipisci harum. Aspernatur quia voluptatum eum perspiciatis delectus est.',983,7,26,'2017-12-15 20:33:00','2017-12-15 20:33:00'),(44,'aut','Voluptas possimus quas odio possimus quia. Sit doloribus recusandae ipsum iusto. Animi architecto dolorem eligendi vel. Deleniti fugit vero explicabo est aut omnis placeat.',645,1,15,'2017-12-15 20:33:00','2017-12-15 20:33:00'),(45,'dolorem','Sint voluptates earum eum. Et qui rerum suscipit ut eum. Odit in laboriosam voluptates nihil accusamus.',485,5,8,'2017-12-15 20:33:00','2017-12-15 20:33:00'),(46,'ducimus','Error distinctio sit deserunt est. Et iure error voluptatibus. Labore cumque tempore aut consequatur quam asperiores repellat.',329,8,23,'2017-12-15 20:33:00','2017-12-15 20:33:00'),(47,'vero','Placeat ipsam atque quam consequatur nostrum. Quam nisi consequuntur iste dolorum non qui ullam. Laudantium ratione impedit sequi maiores.',924,3,21,'2017-12-15 20:33:00','2017-12-15 20:33:00'),(48,'repellat','Est et sed est. Totam iure ea temporibus a. Asperiores ut dignissimos ut ab repellat sapiente perferendis saepe.',838,0,6,'2017-12-15 20:33:00','2017-12-15 20:33:00'),(49,'id','Voluptates excepturi nihil sint ipsa vel harum illum. Architecto aperiam et tempore. Distinctio occaecati dicta commodi sit autem explicabo. Sit eum quia ratione aliquid aperiam.',957,9,14,'2017-12-15 20:33:00','2017-12-15 20:33:00'),(50,'assumenda','Veniam magnam expedita illo. Id fugit placeat animi et repudiandae. Nemo quo molestiae corrupti odio sed debitis. Sit et autem rerum facilis ipsam dolores voluptates.',403,1,19,'2017-12-15 20:33:00','2017-12-15 20:33:00'),(51,'at','Sunt iste adipisci dolores est. Id accusamus consequuntur accusamus quis repudiandae rerum. Facere quo voluptatem dolores qui beatae.',115,0,21,'2017-12-15 20:34:05','2017-12-15 20:34:05'),(52,'sit','Nihil voluptatem laborum et ad eum et alias. Consectetur nemo dignissimos sit reiciendis dolores aliquid magni rerum. Consequatur officia est quia aut eligendi.',994,4,4,'2017-12-15 20:34:05','2017-12-15 20:34:05'),(53,'autem','Beatae ut et sed. Nesciunt expedita quos et dolore dolor qui quisquam sunt. Error et nulla fugit odio.',502,7,23,'2017-12-15 20:34:05','2017-12-15 20:34:05'),(54,'exercitationem','Aliquid ea adipisci omnis qui. Dolore cum molestias omnis asperiores sint. Suscipit quis ut nemo eos.',757,4,6,'2017-12-15 20:34:05','2017-12-15 20:34:05'),(55,'dicta','Numquam aspernatur et aut amet. Alias voluptatem et quasi autem dolore atque sit harum. Modi enim voluptatem et perspiciatis ea aut qui. Voluptas doloribus beatae ea.',930,9,16,'2017-12-15 20:34:05','2017-12-15 20:34:05'),(56,'corrupti','Adipisci qui beatae cum dicta temporibus. Pariatur similique dolores qui et quo ullam. Vitae itaque quaerat nobis corporis maiores voluptas. Nihil provident sit qui porro et perspiciatis commodi.',468,0,19,'2017-12-15 20:34:05','2017-12-15 20:34:05'),(57,'ratione','Ut laudantium aut minus dolorem. Libero ab ipsam et mollitia a. Repellat neque quis atque vitae id eum. Et fugiat sunt eum omnis.',188,2,15,'2017-12-15 20:34:05','2017-12-15 20:34:05'),(58,'tempore','Ullam sed quis nihil et laborum quos. Et omnis rerum officia debitis modi dolore minus aut. Aut est placeat omnis animi. Dignissimos ab id dicta tempora.',394,9,25,'2017-12-15 20:34:05','2017-12-15 20:34:05'),(59,'corrupti','Cumque debitis non quas. Libero et vel nulla aut sit.',263,5,29,'2017-12-15 20:34:05','2017-12-15 20:34:05'),(60,'quaerat','Molestias qui tempore qui quia ut eum. Sint enim accusamus voluptas. Molestias aperiam iusto omnis quia eum blanditiis. Nihil vel voluptas optio commodi ut consequuntur voluptatibus qui.',111,9,24,'2017-12-15 20:34:05','2017-12-15 20:34:05'),(61,'dolores','Veritatis vitae et exercitationem. Enim omnis voluptatem iusto deleniti. Non non sit cum nihil omnis.',278,7,20,'2017-12-15 20:34:05','2017-12-15 20:34:05'),(62,'tempore','Eius nihil quibusdam commodi nulla. Rerum ipsa beatae ipsum a libero quas laudantium. Doloribus tempore odit corporis facilis sapiente eveniet exercitationem.',252,8,28,'2017-12-15 20:34:05','2017-12-15 20:34:05'),(63,'omnis','Occaecati nesciunt voluptas ab. Repudiandae qui eum inventore laborum ea et rerum. Deserunt eaque rerum quia aspernatur omnis.',252,9,18,'2017-12-15 20:34:05','2017-12-15 20:34:05'),(64,'voluptate','Nulla aut qui itaque ducimus similique voluptas. Commodi exercitationem dolorum aut laudantium. Corporis totam laboriosam ut sequi fuga doloribus. Nisi sed aut labore quo eum aspernatur.',220,2,22,'2017-12-15 20:34:05','2017-12-15 20:34:05'),(65,'sed','Facere accusamus eveniet et nisi. Cumque dolore error aut omnis tempora nemo quod. Animi expedita ab nobis nihil at quis.',341,7,16,'2017-12-15 20:34:05','2017-12-15 20:34:05'),(66,'quibusdam','Ut quisquam voluptas in consectetur temporibus placeat iusto. Omnis qui beatae voluptatum quo. Nemo culpa beatae ut quas magnam esse voluptas dolorem.',606,2,21,'2017-12-15 20:34:05','2017-12-15 20:34:05'),(67,'qui','Et qui expedita harum omnis tempora dicta. Voluptatem cupiditate ut amet quasi cupiditate. Est ducimus quo quisquam repudiandae culpa rerum ut sit. Repudiandae sit nemo assumenda id repellendus.',565,9,23,'2017-12-15 20:34:05','2017-12-15 20:34:05'),(68,'quis','Ipsam sit soluta vel fuga eius architecto consequatur. Voluptate occaecati aspernatur tenetur. Impedit recusandae minus qui dignissimos aut.',718,1,15,'2017-12-15 20:34:05','2017-12-15 20:34:05'),(69,'neque','Accusantium corrupti facilis quibusdam in asperiores voluptas id vel. Aliquam commodi suscipit libero sint. Placeat vel harum ea qui inventore.',267,0,20,'2017-12-15 20:34:05','2017-12-15 20:34:05'),(70,'quae','Occaecati ipsa magnam dicta recusandae. Fugiat fugit est et deserunt neque sed. Est quas ad consectetur consequatur. Fuga enim tempora quis vel ratione ut.',733,5,13,'2017-12-15 20:34:05','2017-12-15 20:34:05'),(71,'consequatur','Vel quibusdam quo asperiores fugiat ducimus maiores. Odio officiis fugit eum quae eos minima. Vero optio vel dolorem qui excepturi occaecati voluptas ex. Odio quae possimus voluptatum omnis dolorum beatae.',784,4,2,'2017-12-15 20:34:05','2017-12-15 20:34:05'),(72,'perspiciatis','Ea exercitationem at et voluptas ratione natus sunt. Omnis cumque tempora vel et ut sint. Veritatis ut consectetur quas est odit. Laborum quis qui necessitatibus voluptatum. Et dolorem ut labore dolore laboriosam eum.',390,9,14,'2017-12-15 20:34:05','2017-12-15 20:34:05'),(73,'optio','Magni aspernatur adipisci harum debitis veniam ut. Tenetur tenetur ut pariatur illo quisquam commodi. Saepe corporis inventore sed et perspiciatis ut. Velit aut consequatur deserunt excepturi.',426,8,5,'2017-12-15 20:34:05','2017-12-15 20:34:05'),(74,'voluptates','Et doloribus fuga id ut. Inventore cupiditate ab et ducimus consequuntur rerum nisi perspiciatis. Numquam impedit nihil voluptatem voluptatem optio eos sed.',877,6,8,'2017-12-15 20:34:05','2017-12-15 20:34:05'),(75,'ea','Molestiae id beatae qui omnis corrupti itaque. Tempore eligendi repudiandae excepturi sunt sint. Ea repellendus tenetur aut ut sunt. Dolores alias voluptatem quidem aspernatur.',973,3,30,'2017-12-15 20:34:05','2017-12-15 20:34:05'),(76,'et','Facere nesciunt quia nemo corporis laboriosam dignissimos. Voluptatem facilis provident non esse quis consequatur laboriosam. Eveniet et quo quo perferendis magnam ex ad quidem. Vitae mollitia ut eum quo non.',132,4,25,'2017-12-15 20:34:05','2017-12-15 20:34:05'),(77,'aut','Quod molestias omnis occaecati distinctio eligendi. Repellendus et iste veniam non quos. Omnis perspiciatis numquam officiis rerum nisi quam.',411,0,14,'2017-12-15 20:34:05','2017-12-15 20:34:05'),(78,'omnis','Cupiditate nostrum recusandae omnis sequi. Aperiam consequatur sint nam quae. Consectetur incidunt consequatur vel consequatur voluptas eveniet quo.',329,5,5,'2017-12-15 20:34:05','2017-12-15 20:34:05'),(79,'id','A consequatur voluptatem natus officiis qui consequatur ipsa. Architecto rem totam quia aut eligendi in eligendi at.',929,3,26,'2017-12-15 20:34:05','2017-12-15 20:34:05'),(80,'sunt','Rerum dolores eaque sed molestiae nostrum sed quia. Nihil sunt culpa doloribus qui ipsa maxime. Corrupti esse enim sit.',434,0,29,'2017-12-15 20:34:05','2017-12-15 20:34:05'),(81,'pariatur','Quia mollitia harum modi totam aut et autem. Ad nostrum nesciunt doloremque quia tempore. Illum aliquid quae dicta amet. Sit itaque quidem aperiam cupiditate quis labore.',907,8,10,'2017-12-15 20:34:05','2017-12-15 20:34:05'),(82,'iure','Vitae nihil ea molestias neque qui quisquam. Sed dignissimos voluptate aut dolores ipsum aperiam atque. Ut possimus nam tempore quia. Eos sit sit rerum modi est.',101,0,16,'2017-12-15 20:34:05','2017-12-15 20:34:05'),(83,'placeat','Nam ex porro fugit in repellat. Est architecto dolorem voluptatem illo.',614,4,22,'2017-12-15 20:34:05','2017-12-15 20:34:05'),(84,'totam','Aut non ab similique odit molestiae doloribus. Molestias facilis voluptas quibusdam. Consequatur laboriosam maxime architecto in.',249,6,13,'2017-12-15 20:34:05','2017-12-15 20:34:05'),(85,'tempore','Provident est illo velit dolores. Et deleniti nihil velit minima illo. Ut qui et est omnis. Quo perferendis culpa enim assumenda cumque.',557,2,12,'2017-12-15 20:34:05','2017-12-15 20:34:05'),(86,'ipsum','Pariatur omnis ut quia unde praesentium unde eos. Est aut voluptas debitis sint.',659,5,3,'2017-12-15 20:34:05','2017-12-15 20:34:05'),(87,'officiis','Qui nihil tempora doloremque amet et facere. Id consectetur qui eos libero eum. Nemo error rem beatae.',512,3,2,'2017-12-15 20:34:05','2017-12-15 20:34:05'),(88,'voluptatem','Nulla et et exercitationem nihil quibusdam quo. Deleniti odit sit voluptas minima. Ut id iusto est quis nostrum. Officia hic quae beatae ad.',512,2,26,'2017-12-15 20:34:05','2017-12-15 20:34:05'),(89,'consequatur','Excepturi perferendis velit qui. Ad ullam amet suscipit aut.',545,3,26,'2017-12-15 20:34:05','2017-12-15 20:34:05'),(90,'ducimus','Voluptas possimus earum sunt rerum corporis. Omnis architecto voluptate dignissimos rem ut. Rerum quaerat quia velit aut id eum consectetur exercitationem. Est laborum consequatur repudiandae laborum.',518,0,16,'2017-12-15 20:34:05','2017-12-15 20:34:05'),(91,'suscipit','Dolorem qui quod voluptatem voluptatem sed expedita. Ab nulla voluptas dolorem nesciunt tempore ut. Modi officiis perspiciatis ad quis tenetur optio nulla numquam.',115,7,27,'2017-12-15 20:34:05','2017-12-15 20:34:05'),(92,'quibusdam','Illo et modi eius rerum nihil voluptas repellendus. Recusandae optio tenetur culpa. Ab et autem est quisquam facilis voluptatibus provident. Sunt minus asperiores debitis vitae cupiditate est.',797,0,16,'2017-12-15 20:34:05','2017-12-15 20:34:05'),(93,'dignissimos','Laudantium quia ut quaerat consequatur perspiciatis. Sequi omnis hic architecto possimus eos veniam. Eius cupiditate amet totam doloremque porro est. Harum excepturi dolores maiores eum modi amet.',807,8,30,'2017-12-15 20:34:05','2017-12-15 20:34:05'),(94,'aut','Ea repellat dolorum cumque necessitatibus ut minima est. Sint illum deserunt sed ut. Velit tenetur molestiae similique aperiam. Rerum facilis sit autem error et.',379,0,28,'2017-12-15 20:34:05','2017-12-15 20:34:05'),(95,'quas','Labore perspiciatis assumenda voluptatem sint dicta voluptas. Sit odit et sed et enim. Numquam distinctio illum corrupti sunt et saepe rerum distinctio.',962,4,2,'2017-12-15 20:34:05','2017-12-15 20:34:05'),(96,'tempore','Recusandae provident suscipit atque sed aperiam rerum. Voluptate voluptas et reprehenderit consectetur quidem facilis. Architecto aut est ducimus. Deleniti sapiente ipsam aut veniam.',242,5,4,'2017-12-15 20:34:05','2017-12-15 20:34:05'),(97,'iusto','Dicta expedita distinctio aut repudiandae aperiam illum nobis. Minus ut provident quibusdam fuga qui blanditiis fuga. Explicabo et officiis et alias eum cumque.',215,9,7,'2017-12-15 20:34:05','2017-12-15 20:34:05'),(98,'eligendi','Ullam numquam cupiditate quia ut aut rerum quisquam. Aliquid ipsum illo consequatur enim.',845,1,11,'2017-12-15 20:34:05','2017-12-15 20:34:05'),(99,'dolor','Earum est et aut in sint velit ab. Necessitatibus et veniam consequatur eaque voluptatem modi vel. Quia est omnis dolores distinctio.',474,3,18,'2017-12-15 20:34:05','2017-12-15 20:34:05'),(100,'dolor','Laborum ea dolore in sunt. Deleniti itaque autem qui perferendis recusandae.',256,9,5,'2017-12-15 20:34:05','2017-12-15 20:34:05');
/*!40000 ALTER TABLE `products` ENABLE KEYS */;
UNLOCK TABLES;

--
-- Table structure for table `reviews`
--

DROP TABLE IF EXISTS `reviews`;
/*!40101 SET @saved_cs_client     = @@character_set_client */;
/*!40101 SET character_set_client = utf8 */;
CREATE TABLE `reviews` (
  `id` int(10) unsigned NOT NULL AUTO_INCREMENT,
  `product_id` int(10) unsigned NOT NULL,
  `customer` varchar(255) COLLATE utf8mb4_unicode_ci NOT NULL,
  `review` text COLLATE utf8mb4_unicode_ci NOT NULL,
  `star` int(11) NOT NULL,
  `created_at` timestamp NULL DEFAULT NULL,
  `updated_at` timestamp NULL DEFAULT NULL,
  PRIMARY KEY (`id`),
  KEY `reviews_product_id_index` (`product_id`),
  CONSTRAINT `reviews_product_id_foreign` FOREIGN KEY (`product_id`) REFERENCES `products` (`id`) ON DELETE CASCADE
) ENGINE=InnoDB AUTO_INCREMENT=301 DEFAULT CHARSET=utf8mb4 COLLATE=utf8mb4_unicode_ci;
/*!40101 SET character_set_client = @saved_cs_client */;

--
-- Dumping data for table `reviews`
--

LOCK TABLES `reviews` WRITE;
/*!40000 ALTER TABLE `reviews` DISABLE KEYS */;
INSERT INTO `reviews` VALUES (1,62,'Litzy O\'Kon','Et vitae velit qui ullam soluta. Eius et voluptatem id sit veritatis. Sit ad laborum facere sed corrupti sit.',2,'2017-12-15 20:34:05','2017-12-15 20:34:05'),(2,93,'Malachi Rau MD','Amet et at sed veritatis. Dolores voluptates ipsum dolores repellendus similique dolores sunt. Quaerat blanditiis hic voluptates est aut. Exercitationem soluta sit consequatur quo qui possimus. Vel vitae eum dicta sit voluptatem ipsum aut.',4,'2017-12-15 20:34:05','2017-12-15 20:34:05'),(3,6,'Broderick Nitzsche','Ea et commodi exercitationem earum quam. Eum id quas dicta. Deserunt quisquam ea omnis rerum.',2,'2017-12-15 20:34:05','2017-12-15 20:34:05'),(4,19,'Dan Windler','Rem id minima quis eos. Enim maxime qui quia eveniet suscipit dolores. Maxime sint in aut ut labore eos consequatur. Ipsam eum ut itaque.',2,'2017-12-15 20:34:05','2017-12-15 20:34:05'),(5,1,'Prof. Nigel Berge IV','Sit velit omnis neque quia dolorem illo inventore. Consequatur consequatur et et sunt nulla vel sed. Qui perferendis expedita possimus cum et eligendi est et. Explicabo ut tempora aspernatur reiciendis hic.',4,'2017-12-15 20:34:05','2017-12-15 20:34:05'),(6,20,'Demond Yost','Molestias consequatur corrupti dicta ut sed perspiciatis blanditiis. Cupiditate hic id impedit nobis et.',1,'2017-12-15 20:34:05','2017-12-15 20:34:05'),(7,48,'Cristopher Stanton','Natus quod et repellat. Possimus ratione voluptas et et officiis. Voluptatibus optio expedita qui sit et et harum.',5,'2017-12-15 20:34:05','2017-12-15 20:34:05'),(8,84,'Ferne Ortiz PhD','Sed unde at quia ratione vel ad nam. Facilis ad quia et blanditiis et. Eos sit sapiente ut. Et quia eius vero maiores.',2,'2017-12-15 20:34:05','2017-12-15 20:34:05'),(9,97,'Cecil Nitzsche','Molestiae facere sit ab voluptate vero voluptas illo. Sed asperiores non ut. Earum quam facere sit impedit occaecati nihil omnis voluptate.',0,'2017-12-15 20:34:05','2017-12-15 20:34:05'),(10,53,'Reyes Lockman III','In earum voluptatibus corporis vel sed error. Sed est voluptate libero sunt omnis. Sit qui corrupti magni hic quia.',5,'2017-12-15 20:34:05','2017-12-15 20:34:05'),(11,66,'Maymie Wolf','Dolorem rem vitae fugiat omnis reprehenderit nobis in. Est ullam laudantium perferendis enim eum hic iusto. Autem sed ut labore quia voluptas voluptate. Cum optio non non vitae possimus iste.',1,'2017-12-15 20:34:05','2017-12-15 20:34:05'),(12,78,'Amely Kihn','Et illum libero quas rerum velit cumque ut. Maxime earum temporibus necessitatibus maxime mollitia porro debitis exercitationem. Aut maiores sit et nesciunt optio voluptatibus neque et.',1,'2017-12-15 20:34:05','2017-12-15 20:34:05'),(13,78,'Delpha Grimes','Ullam maxime consequuntur error voluptas. Sed qui omnis nam deleniti quo enim.',4,'2017-12-15 20:34:05','2017-12-15 20:34:05'),(14,84,'Miss Gladyce Balistreri DDS','Qui qui quasi amet qui harum illum. Consectetur nemo debitis ex consectetur adipisci quidem et odit. Eius porro magnam veritatis mollitia aut aut.',3,'2017-12-15 20:34:05','2017-12-15 20:34:05'),(15,30,'Laurie Price','Necessitatibus atque beatae magni quis hic blanditiis facere dolor. Natus modi eos sunt assumenda ut vitae velit fuga.',2,'2017-12-15 20:34:05','2017-12-15 20:34:05'),(16,5,'Colt Cummerata','Voluptates aut minus rerum qui officia quia aspernatur. Ea qui voluptatem accusamus ut unde reprehenderit. Sit corporis suscipit facere totam et. Quo et necessitatibus hic ipsam.',5,'2017-12-15 20:34:05','2017-12-15 20:34:05'),(17,93,'Keira Ruecker','Tempora est perspiciatis laborum quo adipisci. Doloribus alias voluptatem nihil sint quaerat vel doloribus. Temporibus maxime cumque in aut. Blanditiis mollitia sit fugit quam. Consequatur amet quaerat debitis error qui fuga consequuntur.',0,'2017-12-15 20:34:05','2017-12-15 20:34:05'),(18,51,'Vergie Ratke','Odio doloribus quia laboriosam id fugit quidem expedita ratione. Eos consequatur quibusdam deleniti et et.',1,'2017-12-15 20:34:05','2017-12-15 20:34:05'),(19,94,'Jean Jacobi','Assumenda molestiae et aliquam nostrum. Nesciunt nostrum voluptatem ex fugit asperiores et magnam. Expedita fugit natus dolor. Voluptas dolores a velit rem. Quis eum in minus quidem.',0,'2017-12-15 20:34:05','2017-12-15 20:34:05'),(20,23,'Dr. Elisa Cartwright','Qui unde cumque voluptatum. Nihil ut est quo. Ducimus nihil rerum odit accusamus sequi esse. Enim neque quia sed soluta.',5,'2017-12-15 20:34:05','2017-12-15 20:34:05'),(21,7,'Marcel Terry','Neque aut sed id nisi ut rerum est. Qui qui minima ut sequi sunt deserunt libero. Voluptatibus debitis accusantium qui. Dolores sed voluptatem autem eum facere magnam.',2,'2017-12-15 20:34:05','2017-12-15 20:34:05'),(22,79,'Mr. Ola Heathcote','Quasi sed deleniti alias voluptas eos amet. Debitis quod dolores sit voluptatem amet deleniti. Aut incidunt quo quasi soluta quo quis soluta qui.',3,'2017-12-15 20:34:05','2017-12-15 20:34:05'),(23,10,'Presley Ferry','Eveniet dolores modi nesciunt dolores omnis ut quos. Ullam alias voluptatem reiciendis ducimus. Qui aut omnis corrupti sit hic rem.',1,'2017-12-15 20:34:05','2017-12-15 20:34:05'),(24,65,'Prof. Rosina Mante I','Inventore iure esse ad ullam perferendis eum. Deleniti quisquam dignissimos libero mollitia. Qui modi rerum soluta rerum enim vel pariatur molestiae. Animi dolorum voluptatem ratione porro beatae distinctio. Et inventore nisi blanditiis aut incidunt aut.',2,'2017-12-15 20:34:05','2017-12-15 20:34:05'),(25,26,'Celestine Von','Non molestias eveniet qui eos culpa vitae. Harum eveniet enim aut sint maxime cum perspiciatis.',1,'2017-12-15 20:34:05','2017-12-15 20:34:05'),(26,66,'Mrs. Christa Crist','Tenetur amet et hic sunt libero nulla. Laboriosam sed numquam expedita qui sed et. Eos nulla voluptas sit illo.',2,'2017-12-15 20:34:05','2017-12-15 20:34:05'),(27,57,'Adolf Ziemann','Deleniti at nam sed non sint. Asperiores dolor corrupti accusantium ducimus pariatur.',1,'2017-12-15 20:34:05','2017-12-15 20:34:05'),(28,87,'Dr. Magdalen Bernier','Occaecati vel dolorem necessitatibus unde. Qui vel dolorem iure culpa eos. Deleniti quisquam quia accusamus totam recusandae assumenda.',4,'2017-12-15 20:34:05','2017-12-15 20:34:05'),(29,13,'Khalid Pollich','Tempore assumenda soluta est. Commodi deleniti quo voluptatem ducimus ut. Dolorum accusamus voluptatem non sint. Molestiae laboriosam fugit nam repellendus ut. Et expedita ut dolores aliquid ut nostrum ut.',2,'2017-12-15 20:34:05','2017-12-15 20:34:05'),(30,62,'Litzy Lang','Ut est dolorem iusto asperiores qui necessitatibus nam. Autem nihil consequatur eveniet rerum consequatur.',1,'2017-12-15 20:34:05','2017-12-15 20:34:05'),(31,87,'Monique Hansen','Non aliquam ab sunt eum ratione. Minus omnis itaque in officia distinctio sapiente odio. Laborum aut soluta ratione illo consectetur.',0,'2017-12-15 20:34:05','2017-12-15 20:34:05'),(32,78,'Prof. Everette Upton','Omnis eos beatae possimus quidem nulla id enim atque. Esse voluptas fugiat quisquam est. Ut est illo eius quae. Omnis error enim aspernatur in nihil vitae nisi.',3,'2017-12-15 20:34:05','2017-12-15 20:34:05'),(33,63,'Vilma Hermiston','Magnam mollitia ab omnis consequatur atque omnis. Consequuntur consequatur voluptates est sint ducimus. Voluptate aut debitis temporibus. Commodi perspiciatis adipisci sed ipsam esse quasi ut.',2,'2017-12-15 20:34:05','2017-12-15 20:34:05'),(34,81,'Georgette Kirlin','Dignissimos sequi magnam inventore. Dolor est culpa sit ut sit ea enim.',3,'2017-12-15 20:34:05','2017-12-15 20:34:05'),(35,49,'Jarrett Sawayn','Eaque ut sit harum quaerat non non sit. Eligendi omnis quidem est quaerat sint et voluptatem ullam. Placeat et enim temporibus voluptatibus consequatur eos dolorem quae. Totam distinctio sequi corrupti sint.',2,'2017-12-15 20:34:05','2017-12-15 20:34:05'),(36,4,'Zula Balistreri','A commodi unde nostrum recusandae. Architecto sit tempore dolor. Quia molestias harum minima magnam et exercitationem sed. Necessitatibus et accusamus labore odit dicta ducimus inventore est. Eaque quia consequatur aut quas voluptatem molestiae.',2,'2017-12-15 20:34:05','2017-12-15 20:34:05'),(37,16,'Dr. Wayne Willms PhD','Et quo voluptatem tenetur ut molestiae qui incidunt est. Natus delectus ut in eum error. Corrupti consequatur et iste et delectus.',1,'2017-12-15 20:34:05','2017-12-15 20:34:05'),(38,30,'Abe Swaniawski','Aut harum mollitia dolore. Earum nihil aut illum corrupti corrupti. Aut necessitatibus voluptatem quia quas natus.',4,'2017-12-15 20:34:05','2017-12-15 20:34:05'),(39,100,'Krista Wyman','Accusamus vel qui neque molestiae corrupti quia. Vero corrupti sed quibusdam ex modi. Vero beatae quia ad beatae dolores veritatis sit. Explicabo molestias recusandae ab. Qui commodi quam maxime eaque dolores.',2,'2017-12-15 20:34:05','2017-12-15 20:34:05'),(40,34,'Zoie Welch IV','Eveniet hic maiores debitis pariatur necessitatibus ab cupiditate. Voluptatem et illum nulla consequatur. Nam exercitationem aliquid consequatur neque aut. Esse at qui aut cupiditate non vel eveniet. Ducimus rerum placeat tempore adipisci omnis.',2,'2017-12-15 20:34:05','2017-12-15 20:34:05'),(41,79,'Dr. Jordyn McClure V','Quo voluptates sed expedita. Labore in repellendus sint in quibusdam.',4,'2017-12-15 20:34:05','2017-12-15 20:34:05'),(42,23,'Dr. Jerome Smith IV','Et aut nostrum earum nam possimus ut. Consequatur id eum fugit quaerat id nemo. Dicta asperiores beatae maxime porro quod accusamus. Tempora ut non voluptatem voluptatem eaque assumenda sunt id.',0,'2017-12-15 20:34:05','2017-12-15 20:34:05'),(43,37,'Carson Lebsack PhD','Sint vel perspiciatis sint fuga vel. Est debitis tenetur perferendis eum mollitia. Id qui id id. Quo quis ducimus eius ratione.',1,'2017-12-15 20:34:05','2017-12-15 20:34:05'),(44,8,'Ray Schowalter','Incidunt sit cum voluptatem occaecati aliquid omnis. Consequatur ipsum impedit beatae sed et excepturi. Tenetur ea nesciunt animi perspiciatis. Ut voluptatem aliquam ut.',3,'2017-12-15 20:34:05','2017-12-15 20:34:05'),(45,9,'Carmen Huels II','Voluptatibus nihil ab impedit harum. Excepturi amet consequatur consequatur vel error odio. Rerum nihil ea ut quasi dolores est molestias. Rerum minus ducimus quis esse laboriosam.',3,'2017-12-15 20:34:05','2017-12-15 20:34:05'),(46,25,'Mr. Waldo Donnelly','Consequatur ratione sapiente doloremque natus. Quae temporibus optio corrupti maxime iusto illum. Eius qui consequuntur et.',2,'2017-12-15 20:34:05','2017-12-15 20:34:05'),(47,90,'Myrna Jones','Sunt voluptatibus laudantium dolores distinctio et. Optio quis omnis aut nihil. Velit culpa rerum inventore veniam et quod voluptates provident. Ea perferendis voluptas nostrum in.',0,'2017-12-15 20:34:05','2017-12-15 20:34:05'),(48,65,'Valentin McKenzie','Et consequatur est et quos itaque praesentium est. Repudiandae numquam dolores non sit quo ratione. Non aut consequatur veritatis eos numquam laudantium.',3,'2017-12-15 20:34:05','2017-12-15 20:34:05'),(49,57,'Montana Parker','Consequatur ex sunt sunt iste. Vitae maiores velit vel id. Possimus et voluptatum distinctio et aliquid quae.',5,'2017-12-15 20:34:05','2017-12-15 20:34:05'),(50,42,'Luz Mertz','Delectus corrupti nesciunt et quas rem tempora. Ut laborum quia optio consequatur quae sed eos. Corrupti et est sed aut ut. Nihil architecto eum at ut eum omnis.',1,'2017-12-15 20:34:05','2017-12-15 20:34:05'),(51,31,'Clovis Bernier','Aut deleniti qui debitis corrupti expedita incidunt omnis. Aut nostrum quod in voluptatem quod. Mollitia eaque quia praesentium numquam. Enim dolorem doloribus consequatur.',2,'2017-12-15 20:34:05','2017-12-15 20:34:05'),(52,17,'Mrs. Pasquale Larkin','Illum rerum at ex blanditiis mollitia quia eos officia. Ut itaque ab error ut sit in.',0,'2017-12-15 20:34:05','2017-12-15 20:34:05'),(53,59,'Larry Cremin','Ab debitis et praesentium ut mollitia eius possimus. Omnis nam minima tenetur a. Odit ad dolor non totam assumenda laboriosam aut nulla.',0,'2017-12-15 20:34:05','2017-12-15 20:34:05'),(54,65,'Mr. Geo Vandervort','Et nesciunt quas animi blanditiis. Consectetur voluptatem minima ipsa qui aut rem asperiores fugiat. Nesciunt officia aliquam animi quas. Qui corrupti quam ut itaque.',3,'2017-12-15 20:34:05','2017-12-15 20:34:05'),(55,95,'Miss Kira Koepp','Est accusantium qui harum molestiae. Quaerat natus aut qui suscipit aut aut consequatur. Et quia et pariatur iure ullam ea praesentium cum. Ullam error qui ducimus.',0,'2017-12-15 20:34:05','2017-12-15 20:34:05'),(56,8,'Aurelie Satterfield','Impedit cumque pariatur enim eum delectus est excepturi. Autem nesciunt qui officia deleniti. Dignissimos in sit consectetur corrupti aut cum voluptatibus non. Aut perspiciatis vitae ex qui eos.',4,'2017-12-15 20:34:05','2017-12-15 20:34:05'),(57,53,'Prof. Patrick Blanda I','Distinctio nam corrupti sapiente vel. Et rerum temporibus corrupti nesciunt porro dignissimos omnis. Ut cumque magnam veritatis illo aspernatur ut.',5,'2017-12-15 20:34:05','2017-12-15 20:34:05'),(58,92,'Lillian Murray','Est optio quae quo aliquid. Commodi officia maxime aut nihil labore et nisi.',1,'2017-12-15 20:34:05','2017-12-15 20:34:05'),(59,26,'Marcelina Carroll Jr.','Eos dolorem voluptates fugiat officiis. Molestiae sint minus eius saepe magnam iure. Fuga asperiores repudiandae placeat itaque. Molestiae earum ut rem ipsa tempora.',3,'2017-12-15 20:34:05','2017-12-15 20:34:05'),(60,82,'Reid Gutmann IV','Voluptatem asperiores possimus dolores ut aspernatur ut. Id cum veritatis enim placeat omnis unde. Eos consequatur repellat incidunt est ut et. Est dicta eligendi earum ex nemo cum.',3,'2017-12-15 20:34:05','2017-12-15 20:34:05'),(61,47,'Forest Spinka DDS','Quos aspernatur velit quasi nam enim minima. Et sint quia voluptatum modi saepe. Saepe consequatur doloribus nobis est eaque ullam rerum dolorem.',1,'2017-12-15 20:34:05','2017-12-15 20:34:05'),(62,79,'Dr. Alana Reilly III','Officiis facilis saepe in rerum dolorem velit. Sed a repellat illum repellendus doloremque. Pariatur laudantium consequuntur nulla magni sed tempora non ullam. Non et sed officiis nihil amet fuga. Possimus ipsam delectus iure placeat tempora ut rem nemo.',1,'2017-12-15 20:34:05','2017-12-15 20:34:05'),(63,37,'Dr. Haskell Williamson','Aut cupiditate fuga quas earum fugiat. Voluptates eos quasi rem minima quo voluptatem molestiae tempora. Pariatur aspernatur explicabo qui architecto iusto sed. Recusandae mollitia accusantium odit magni.',2,'2017-12-15 20:34:05','2017-12-15 20:34:05'),(64,59,'Nyah Moen II','Impedit accusamus cupiditate consequatur repellendus maiores. Ut iste sequi tempore ipsa repellat. Optio et rem ipsam quia consequuntur ipsam necessitatibus. Suscipit itaque tenetur ipsa dolorum.',1,'2017-12-15 20:34:05','2017-12-15 20:34:05'),(65,43,'Dr. Griffin Koss V','Voluptates ad est repellendus. Doloribus asperiores dolor ut voluptatum numquam aperiam. Minima quaerat voluptatem sunt pariatur ullam odio sed assumenda.',3,'2017-12-15 20:34:05','2017-12-15 20:34:05'),(66,53,'Dr. Anita Wintheiser Jr.','Quia quasi atque cumque. Blanditiis voluptatem quos officiis sed eaque nobis. Ea molestias illum aut alias saepe qui.',3,'2017-12-15 20:34:05','2017-12-15 20:34:05'),(67,99,'Prof. Isac Reynolds','Eum eum qui quia debitis et ea. Necessitatibus dicta perspiciatis eos aut deleniti. Aliquid libero dolor est est voluptas. Autem exercitationem saepe dolore accusantium enim labore adipisci numquam.',1,'2017-12-15 20:34:05','2017-12-15 20:34:05'),(68,21,'Henderson Beer','Explicabo dolorem pariatur voluptas vitae eveniet. Dolorum et omnis quia unde omnis. Adipisci dolorem repellat beatae amet aliquid inventore repellat quas. Amet provident error voluptatum.',2,'2017-12-15 20:34:05','2017-12-15 20:34:05'),(69,10,'Prof. Madyson Conroy DDS','Commodi velit velit et repellendus. Similique voluptas est sit qui quam animi aut. Sapiente beatae eum voluptas. Minus ducimus aliquam fuga maxime ut.',3,'2017-12-15 20:34:05','2017-12-15 20:34:05'),(70,2,'Filiberto Moore','Fugiat dignissimos nesciunt libero impedit id nemo consequatur. Quasi tenetur voluptas dolorum maiores porro libero quia. Dolor similique laborum omnis provident minus maxime numquam. Ea inventore voluptate officiis mollitia voluptatem quibusdam.',1,'2017-12-15 20:34:05','2017-12-15 20:34:05'),(71,34,'Oswald Boyer','Quasi omnis architecto totam maxime aut repudiandae. Est nemo ut eos. Minus ea rerum ipsa pariatur voluptate.',3,'2017-12-15 20:34:05','2017-12-15 20:34:05'),(72,72,'Britney Conn','At quia modi ex ratione aut. Eveniet sint dolor autem quia similique et.',1,'2017-12-15 20:34:05','2017-12-15 20:34:05'),(73,7,'Mrs. Maiya Morissette MD','Vel sed ab adipisci sint libero quia. Delectus quo nihil velit sint aut et a. Cumque provident eligendi nam numquam esse.',5,'2017-12-15 20:34:05','2017-12-15 20:34:05'),(74,66,'Elian Runte','Numquam aut quibusdam quo consectetur. Rerum labore et nihil est officiis quasi. Id sed aut voluptatibus. Nobis iusto ipsa qui est omnis. Debitis praesentium maxime dolorum deserunt unde praesentium consequatur.',1,'2017-12-15 20:34:05','2017-12-15 20:34:05'),(75,24,'Reese Rowe','Iusto voluptatum aliquam saepe quam veritatis autem unde. Non sunt harum molestiae sit doloribus quae sequi illum. Voluptates magnam quasi dolores voluptate aliquid unde. A voluptatem nihil doloribus qui est.',1,'2017-12-15 20:34:05','2017-12-15 20:34:05'),(76,73,'Mable Herzog III','Est et non voluptate ad possimus possimus. Eos iure optio et earum non. Iste est pariatur asperiores. In saepe aliquam error mollitia laborum quo.',2,'2017-12-15 20:34:05','2017-12-15 20:34:05'),(77,80,'Mrs. Adaline Kuhn','Quis eaque nisi fugit similique omnis et. Facere aspernatur nam reprehenderit omnis earum et voluptate. Officia illo et a.',1,'2017-12-15 20:34:05','2017-12-15 20:34:05'),(78,11,'Dr. Ramon Brakus Jr.','Neque minima dignissimos at praesentium. At nam error provident quae eum aut vel ullam. Eveniet fuga odio nobis ex nisi et. Maxime temporibus dolorum est nulla id nihil esse.',1,'2017-12-15 20:34:05','2017-12-15 20:34:05'),(79,94,'Dr. Nathen Schoen','In et mollitia tenetur impedit sed aut. Facere officia sequi necessitatibus error. Facere velit est quasi commodi eligendi qui soluta. Reiciendis error illo rerum molestiae quibusdam excepturi repellat. Eius ut quibusdam dolorum autem.',1,'2017-12-15 20:34:05','2017-12-15 20:34:05'),(80,60,'Larry Fisher','Voluptatibus dicta facere perspiciatis exercitationem dolor et quia. Repellat molestiae vel quia non. Et molestiae aliquam cupiditate distinctio.',4,'2017-12-15 20:34:05','2017-12-15 20:34:05'),(81,96,'Marco Miller','Eum ex commodi illum sunt. Quia quidem quisquam dicta. Non consequuntur harum vel molestiae soluta voluptatum ducimus consequatur.',1,'2017-12-15 20:34:05','2017-12-15 20:34:05'),(82,19,'Natalie Kessler','Harum nihil neque et autem aliquam. Molestiae recusandae pariatur dolore est. Eum voluptatem voluptates aut nam nihil eligendi harum.',1,'2017-12-15 20:34:05','2017-12-15 20:34:05'),(83,49,'Eloisa Quigley','Dolores nisi provident ducimus rem vel. Et facilis est et quibusdam libero doloribus. Omnis et enim dolorum. At ex molestiae sapiente cumque.',2,'2017-12-15 20:34:05','2017-12-15 20:34:05'),(84,41,'Prof. Sarina Dickens','Quia recusandae amet dicta nobis aut adipisci. Iure esse voluptas facilis. Qui est praesentium molestiae numquam aut sit tenetur.',1,'2017-12-15 20:34:05','2017-12-15 20:34:05'),(85,78,'Dr. Kathlyn Legros','Nesciunt dolores quisquam accusantium quibusdam modi sed laudantium. Aut et nihil et. Quo rerum quia sapiente rem ut necessitatibus voluptates. Dolorem sint ut quisquam et rerum rerum id.',4,'2017-12-15 20:34:05','2017-12-15 20:34:05'),(86,56,'Mr. Fredrick Kshlerin','Voluptas illum possimus commodi hic delectus. Et sapiente aut accusamus dolore ipsum nihil ea. Itaque beatae illo quo reiciendis et minima. Nostrum eum eum architecto et nihil dolore consectetur. Vel est ea perspiciatis cupiditate cupiditate corporis maiores.',1,'2017-12-15 20:34:05','2017-12-15 20:34:05'),(87,74,'Miss Asha Tromp','Occaecati dolorem mollitia at et minima id. Nesciunt eius asperiores at quo placeat voluptates quia quasi. Et impedit natus accusantium qui ad et quidem.',5,'2017-12-15 20:34:05','2017-12-15 20:34:05'),(88,21,'Miss Monique Jerde','Explicabo porro suscipit veritatis iure adipisci. Sapiente qui rerum aperiam voluptatibus. Ut at modi corporis qui suscipit qui.',0,'2017-12-15 20:34:05','2017-12-15 20:34:05'),(89,85,'May Tremblay III','Est repellat non quidem voluptatem qui. Dolores rerum sint exercitationem quibusdam excepturi doloribus quia. Voluptatem odit nisi et aut pariatur blanditiis.',4,'2017-12-15 20:34:05','2017-12-15 20:34:05'),(90,90,'Esteban McDermott Sr.','Facilis eligendi nobis quis aperiam qui perspiciatis occaecati. Aut distinctio quis repudiandae sunt.',3,'2017-12-15 20:34:05','2017-12-15 20:34:05'),(91,4,'Makayla McCullough PhD','Vero totam esse nulla voluptas quis aperiam. Nobis magnam ratione eveniet explicabo libero occaecati maiores consectetur. Nesciunt veniam labore ex eum aut molestiae. Laboriosam natus magnam natus facere cum iste.',2,'2017-12-15 20:34:05','2017-12-15 20:34:05'),(92,18,'Noemy Dibbert','Nostrum asperiores suscipit id corporis quis consectetur. Autem exercitationem quia consequatur voluptas autem quasi. Et omnis modi laboriosam non perferendis et consequatur. Soluta aliquam voluptates non ipsa voluptates eaque. Ut recusandae similique voluptatum.',1,'2017-12-15 20:34:05','2017-12-15 20:34:05'),(93,22,'Miracle Beer','Voluptatibus sunt ut molestias aliquam rerum omnis et eos. Qui est voluptas numquam voluptate quis maxime omnis. Ut possimus alias molestiae consequatur reiciendis sit quam.',3,'2017-12-15 20:34:05','2017-12-15 20:34:05'),(94,53,'Clementine Quigley Sr.','Facilis ab non nam quod qui quis quia ab. Vero velit aut beatae pariatur dolores. Optio quod corporis assumenda deleniti laborum necessitatibus. Tempora sint et et voluptatibus aut.',0,'2017-12-15 20:34:05','2017-12-15 20:34:05'),(95,63,'Filomena Jaskolski Jr.','Esse tenetur quibusdam non eveniet odit optio. Quis qui iusto libero rem in occaecati.',2,'2017-12-15 20:34:05','2017-12-15 20:34:05'),(96,81,'Alicia Schoen','Ipsum doloremque hic aut atque. Enim recusandae maxime non rerum expedita aut. Molestiae quod magnam voluptatem facere modi reiciendis quis voluptatum. Consequatur nisi eaque non blanditiis est.',4,'2017-12-15 20:34:05','2017-12-15 20:34:05'),(97,31,'Prof. London Ernser','Et exercitationem est illum voluptatem aut sint numquam. Eveniet error exercitationem sit quia. Mollitia et eaque modi excepturi dolorum sequi quidem.',2,'2017-12-15 20:34:05','2017-12-15 20:34:05'),(98,74,'Mr. Johan Raynor PhD','Dolorum a beatae molestiae aut itaque voluptatem. Perspiciatis voluptatem minima dolorem voluptate consequuntur minus quo.',4,'2017-12-15 20:34:05','2017-12-15 20:34:05'),(99,74,'Shayne Lemke','Quaerat architecto error ratione ex dignissimos. Rerum consequatur sit nihil et. Repellendus voluptatem ducimus similique nulla.',0,'2017-12-15 20:34:05','2017-12-15 20:34:05'),(100,65,'Rachael Ward','Quis nihil qui quod velit omnis unde. Autem sunt delectus voluptatem quaerat. Qui eum nam recusandae. Voluptatem nihil qui necessitatibus qui sit pariatur ab.',5,'2017-12-15 20:34:05','2017-12-15 20:34:05'),(101,2,'Walker Bednar','Qui distinctio reprehenderit incidunt aut aut. Ducimus delectus inventore voluptate odio unde. Voluptatibus recusandae fugiat maiores et aliquid in omnis. Reiciendis ut reiciendis nam nihil. Recusandae repellendus qui quos sit beatae voluptatem et.',2,'2017-12-15 20:34:05','2017-12-15 20:34:05'),(102,28,'Rodrigo Cremin','Asperiores laboriosam corporis ipsam autem voluptate deleniti quo. Numquam ea fugit soluta ab amet quasi voluptatibus. Cupiditate illum nemo magni facere saepe.',5,'2017-12-15 20:34:05','2017-12-15 20:34:05'),(103,86,'Montana Kuhn','Numquam provident similique est explicabo fugit error quis. Perferendis quibusdam voluptates voluptatem assumenda aut. Aut expedita corporis eaque saepe nemo quia. Ut cumque blanditiis sed nihil voluptatem dolorem rerum.',4,'2017-12-15 20:34:05','2017-12-15 20:34:05'),(104,46,'Otto Leffler I','Voluptate placeat voluptas voluptas rerum nemo illo. Laboriosam eaque magnam alias minima. Odio quia saepe dolores dolores voluptas.',2,'2017-12-15 20:34:05','2017-12-15 20:34:05'),(105,16,'Prof. Larissa Kovacek','Recusandae dolorem iusto eligendi sint corrupti architecto sequi. Voluptas dolor quae aspernatur autem voluptas ut molestiae.',0,'2017-12-15 20:34:05','2017-12-15 20:34:05'),(106,21,'Mr. Jordy Hyatt','Odit autem dolores inventore fugit. Beatae alias quos iste aliquam illum. Error suscipit asperiores aut dolores voluptatem dolor est quis. Quae architecto facilis quaerat iste.',4,'2017-12-15 20:34:05','2017-12-15 20:34:05'),(107,91,'Ms. Frieda Luettgen III','Illum ut ea magnam. Et sint vel debitis reiciendis molestiae omnis. Qui ipsa expedita perspiciatis qui rerum architecto optio architecto. Harum qui aut qui.',0,'2017-12-15 20:34:05','2017-12-15 20:34:05'),(108,59,'Prof. Darryl Bernhard','Excepturi voluptatem qui quibusdam tenetur quo maxime nobis. Totam esse velit ducimus iusto est quam. Similique placeat doloribus quo. Mollitia est modi debitis quos rerum amet eos sunt.',3,'2017-12-15 20:34:05','2017-12-15 20:34:05'),(109,88,'Opal Williamson','Consequatur possimus odit voluptatem voluptatem. Autem ducimus occaecati ut. Blanditiis ab numquam tenetur quaerat nulla amet aperiam. Amet maiores ab necessitatibus ducimus culpa.',2,'2017-12-15 20:34:05','2017-12-15 20:34:05'),(110,64,'Dr. Jerald Erdman','Rerum et enim consequatur sunt aliquam mollitia iure. Provident libero laudantium inventore natus. Qui commodi et odio perspiciatis architecto voluptatem error. Quia sunt laborum incidunt distinctio.',0,'2017-12-15 20:34:05','2017-12-15 20:34:05'),(111,8,'Mr. Emerson Leuschke','Quia et vel qui recusandae rem alias. Ratione laboriosam odit commodi reiciendis ut et. Excepturi voluptate est iste ipsum optio qui. Est quaerat reiciendis alias doloremque et non sit.',2,'2017-12-15 20:34:05','2017-12-15 20:34:05'),(112,99,'Fannie Mohr I','Ut dolor totam est officia. Non magni deserunt repudiandae ullam. Repellat sapiente quae veritatis aut perferendis quis. Delectus dolores dolores error dolores illum officia. Eum tempora eius officia enim unde dolorum.',1,'2017-12-15 20:34:05','2017-12-15 20:34:05'),(113,14,'Dr. Irving Robel III','Et consequatur iusto dolores inventore et. Velit et voluptas eos et fugiat et. Aspernatur eius eveniet sed ut exercitationem.',1,'2017-12-15 20:34:05','2017-12-15 20:34:05'),(114,55,'Emie Block IV','Ut nisi et numquam voluptatem molestias unde. Autem numquam eveniet nihil et similique neque ratione. Eius rerum eum pariatur dolores aspernatur vel quae. Et deleniti velit quasi quia dicta.',0,'2017-12-15 20:34:05','2017-12-15 20:34:05'),(115,41,'Prof. Carter Lockman DVM','Quas culpa culpa accusantium odio fugit et veniam. Qui a qui ad maxime sint quis cum officia. Enim quae quidem illum vitae reiciendis. Id iste illum aspernatur et vel expedita.',2,'2017-12-15 20:34:05','2017-12-15 20:34:05'),(116,52,'Mrs. Esther Pouros','Est ducimus ea numquam. Nesciunt dolores est optio modi. Dolore qui similique numquam placeat asperiores quas at.',0,'2017-12-15 20:34:05','2017-12-15 20:34:05'),(117,69,'Freeda Champlin','Aut earum sed delectus voluptas earum commodi. Sapiente dolorem corporis laudantium delectus. Veritatis et consectetur magnam sequi nam eum ut ab.',0,'2017-12-15 20:34:05','2017-12-15 20:34:05'),(118,70,'Prof. Taylor Kassulke','Quas nesciunt nostrum aperiam cupiditate alias aut consequatur. Quae molestiae eum laudantium voluptas voluptatem laboriosam. Libero voluptatum laboriosam fuga voluptatem. Praesentium facere et nesciunt nostrum occaecati sed esse saepe.',4,'2017-12-15 20:34:05','2017-12-15 20:34:05'),(119,82,'Marcos Connelly DVM','Ab et pariatur quibusdam molestiae maxime ducimus. Consequatur quisquam praesentium velit dolorem nihil. Harum itaque est reiciendis repudiandae sequi. Et voluptate hic odit eveniet.',0,'2017-12-15 20:34:05','2017-12-15 20:34:05'),(120,41,'Delia Dickinson','Non voluptatem officia sunt officiis consectetur voluptatem earum. Adipisci qui asperiores dolore quaerat veniam nulla. Eius maxime quaerat iste quo eos dolore sunt.',0,'2017-12-15 20:34:05','2017-12-15 20:34:05'),(121,74,'Ms. Jolie Kilback','Eos mollitia eveniet est culpa iusto in laborum. Facere vel laudantium ipsum deserunt molestias. Accusantium tempore fugiat eius tempore dolore est.',2,'2017-12-15 20:34:05','2017-12-15 20:34:05'),(122,48,'Macey Rosenbaum','Ullam aut nobis veritatis dolores sit voluptatem. Magnam quidem accusamus est ad cupiditate molestiae. Voluptatem exercitationem odit et et accusamus sequi iusto adipisci.',0,'2017-12-15 20:34:05','2017-12-15 20:34:05'),(123,97,'Roderick Mante','Ratione repellendus quia recusandae tempore dolorem voluptatem. Delectus soluta qui odio dolore reiciendis nihil. Dolores eligendi dolores in repellat. Porro eveniet deleniti autem quo et ullam consequatur sed.',4,'2017-12-15 20:34:05','2017-12-15 20:34:05'),(124,2,'Bernadette Rosenbaum','Aut et fugit soluta voluptatibus quod enim. Necessitatibus maxime et iste eos est et. Omnis minus impedit qui suscipit quia asperiores.',2,'2017-12-15 20:34:05','2017-12-15 20:34:05'),(125,98,'Anika Prosacco','Tenetur magnam aut quisquam tempora et autem. Sunt recusandae iure at deleniti perferendis. Ullam expedita fuga quis ullam.',3,'2017-12-15 20:34:05','2017-12-15 20:34:05'),(126,29,'Eleanore Prohaska','Aliquid error iste et quidem nisi. Voluptate nulla nemo asperiores impedit et ullam perferendis.',4,'2017-12-15 20:34:05','2017-12-15 20:34:05'),(127,7,'Jermaine Bruen','Inventore dolor accusantium culpa. Rerum accusamus non id tenetur ratione.',5,'2017-12-15 20:34:05','2017-12-15 20:34:05'),(128,20,'Mrs. Zoe Mertz','Dolore tenetur dolorum voluptatibus quis. Corrupti consequatur consequatur eaque explicabo. Vitae voluptate iure iusto voluptatem earum ut velit.',3,'2017-12-15 20:34:05','2017-12-15 20:34:05'),(129,55,'Mr. Mohamed Jacobi DVM','Quasi sit alias voluptates eligendi cumque numquam. Excepturi qui velit tenetur ut at praesentium aperiam. Natus excepturi consectetur adipisci ipsum nisi. Magnam omnis eveniet suscipit nam atque exercitationem.',1,'2017-12-15 20:34:05','2017-12-15 20:34:05'),(130,3,'Wilburn Ritchie','Occaecati architecto similique delectus amet voluptas temporibus rerum. Aut in quia eos enim totam fugit incidunt. Non aliquam laboriosam in est animi placeat. Consequatur at eius laboriosam corporis explicabo nihil voluptatum laborum.',3,'2017-12-15 20:34:05','2017-12-15 20:34:05'),(131,60,'Hope Schoen','Aut non at illo eum aut. Occaecati et cum laudantium voluptatem maiores architecto. Sit omnis modi deleniti quia vel. Distinctio quis eaque praesentium pariatur.',0,'2017-12-15 20:34:05','2017-12-15 20:34:05'),(132,9,'Emely O\'Conner MD','Vero illum sapiente unde repudiandae nulla laudantium ut. Laudantium voluptatibus delectus debitis repellendus soluta a voluptate. Ut excepturi quibusdam rerum quis nulla quod.',0,'2017-12-15 20:34:05','2017-12-15 20:34:05'),(133,9,'Martin Pagac','Exercitationem deserunt voluptatum et recusandae. Deserunt molestiae nostrum amet et nisi. Qui ut sit eum iure excepturi sit est. Voluptatem quibusdam et voluptatem quis.',0,'2017-12-15 20:34:05','2017-12-15 20:34:05'),(134,17,'Alysha Smith','Distinctio corporis iusto reprehenderit consectetur cum ut expedita. Quia voluptatum harum est repellat fugit. Occaecati beatae itaque quis exercitationem non sed voluptas.',2,'2017-12-15 20:34:05','2017-12-15 20:34:05'),(135,28,'Davin Carter','Eaque odio alias distinctio ea officia id saepe rerum. Aut sed dolores consequatur voluptatem sit est. Aut fugiat laudantium dolorum voluptatum laudantium et et.',0,'2017-12-15 20:34:05','2017-12-15 20:34:05'),(136,18,'Karl Treutel','Fugit nobis quia consequatur saepe. Autem quia molestiae nihil maiores.',0,'2017-12-15 20:34:05','2017-12-15 20:34:05'),(137,15,'Dr. Zane Kemmer PhD','Nam ut saepe molestiae molestiae cupiditate. Aspernatur tenetur labore est aut vel voluptate excepturi. Maxime qui voluptas ab omnis.',5,'2017-12-15 20:34:05','2017-12-15 20:34:05'),(138,97,'Mohammed Windler V','Fuga libero quia perspiciatis atque aliquid non. Ea est consequuntur repellat. Et earum explicabo illo fugit quia vel non.',0,'2017-12-15 20:34:05','2017-12-15 20:34:05'),(139,33,'Stacey Funk','Ea eum consectetur sed dignissimos. Doloribus labore quo molestiae. Ipsam repellendus vitae magni nesciunt inventore et ea labore. Dignissimos rerum esse culpa quia.',5,'2017-12-15 20:34:05','2017-12-15 20:34:05'),(140,91,'Dortha Lemke','Ipsa velit rem quaerat quia sit. Laudantium dolorum impedit quia eius. Facere quam vero dolorem dolores nulla impedit.',1,'2017-12-15 20:34:05','2017-12-15 20:34:05'),(141,93,'Abner Heathcote','Autem qui rerum molestias et animi architecto accusantium. Similique reiciendis aspernatur incidunt laborum sit facilis. Quas qui et sint mollitia eius provident aspernatur. Qui consequatur non quia vel earum aut.',0,'2017-12-15 20:34:05','2017-12-15 20:34:05'),(142,10,'Dr. Ronaldo Schowalter Jr.','A placeat qui praesentium sapiente laboriosam repellendus et. Iusto recusandae sed velit autem rerum officia. Vel sapiente aperiam sit ut sit excepturi fugiat.',1,'2017-12-15 20:34:05','2017-12-15 20:34:05'),(143,30,'Sim Thompson DDS','Explicabo laudantium voluptas modi. Doloremque modi sint et id voluptate voluptatem nesciunt ut. Qui et voluptas inventore ea hic voluptates. Harum sed non atque doloremque.',3,'2017-12-15 20:34:05','2017-12-15 20:34:05'),(144,1,'Rogelio Fahey II','Mollitia quaerat et error qui praesentium repellat expedita. Aliquid molestiae perspiciatis adipisci voluptatem. Quasi ea esse voluptatem ut.',0,'2017-12-15 20:34:05','2017-12-15 20:34:05'),(145,81,'Zoie Batz','Voluptatum beatae aut deserunt sint omnis aut soluta. Numquam animi est culpa sunt nulla. Ipsa praesentium qui perferendis rerum magni. Dignissimos autem quia saepe autem sed.',5,'2017-12-15 20:34:05','2017-12-15 20:34:05'),(146,47,'Lesley Runolfsson','Tenetur possimus non nisi ea ut nobis. Rerum impedit quidem at rerum vel esse. Commodi excepturi magnam nemo consequuntur.',5,'2017-12-15 20:34:05','2017-12-15 20:34:05'),(147,32,'Lelah Leannon','Iusto optio et illo rerum voluptas aut. In enim omnis et in dolorem consequatur aperiam. Rem dignissimos aut rerum aut earum ratione nisi dolorem. Aut dolorum est et.',3,'2017-12-15 20:34:05','2017-12-15 20:34:05'),(148,86,'Maynard Zboncak MD','Et nihil aspernatur rerum non fuga provident. Ut voluptas necessitatibus rerum qui fuga magnam. Consectetur harum nam quia quo. Voluptas occaecati eveniet delectus exercitationem.',1,'2017-12-15 20:34:05','2017-12-15 20:34:05'),(149,78,'Miss Sabrina Hyatt','Sed non maxime non non. Et sequi quia labore unde. Totam vero temporibus ea.',3,'2017-12-15 20:34:05','2017-12-15 20:34:05'),(150,54,'Willis Thiel','Minus minus distinctio voluptatem aut. Maxime quam voluptatem est consequatur. Perferendis quibusdam quia omnis non aliquid nihil. Alias ratione voluptate et culpa harum voluptatum optio. Explicabo adipisci iusto cumque voluptatem sit sit.',5,'2017-12-15 20:34:05','2017-12-15 20:34:05'),(151,28,'Eryn Medhurst Sr.','Ducimus sunt a illum vero. Quia aut temporibus perspiciatis repudiandae ut corrupti. Facilis qui deserunt libero. Voluptate blanditiis qui sint.',1,'2017-12-15 20:34:05','2017-12-15 20:34:05'),(152,14,'Litzy Ullrich','Et maxime aut soluta ab. Dolores error quod commodi earum et autem qui. Et sunt aliquid labore et ea totam perspiciatis. Aut quas ipsa possimus voluptate.',3,'2017-12-15 20:34:05','2017-12-15 20:34:05'),(153,57,'Emanuel Rau','Est repellendus rerum reprehenderit enim aut. Rerum nobis in qui nostrum quis eligendi ipsam a. Eum vero enim optio nemo consequatur. Voluptatem expedita sint nisi est et sapiente. Nam repellendus est consequatur quis vero et.',3,'2017-12-15 20:34:05','2017-12-15 20:34:05'),(154,68,'Prof. Eusebio Lynch','Sed velit voluptas officiis molestiae iste officiis. Officiis et asperiores dignissimos voluptatem. Perferendis error et et asperiores veritatis. Accusamus doloremque rerum voluptas omnis voluptatibus magni aut autem.',5,'2017-12-15 20:34:05','2017-12-15 20:34:05'),(155,30,'Haleigh Goldner','Error eos alias ratione. Est alias voluptatibus corrupti magnam. Repellendus atque sed voluptas ut quia officiis.',3,'2017-12-15 20:34:05','2017-12-15 20:34:05'),(156,91,'Prof. Cathrine Bosco V','Fuga provident suscipit aut. Inventore et voluptatem ut perferendis odit assumenda.',5,'2017-12-15 20:34:05','2017-12-15 20:34:05'),(157,86,'Dr. Elwin Dach V','Doloremque odit libero et minima qui. Dicta odit sapiente iusto facilis laudantium quibusdam labore. Repudiandae quasi quis qui tenetur doloremque. Eos culpa totam ducimus.',0,'2017-12-15 20:34:05','2017-12-15 20:34:05'),(158,7,'Woodrow Hermiston','Est assumenda omnis nostrum aut ut accusamus. Error est laboriosam ex sed nulla. Voluptatem cupiditate et sunt sed. Blanditiis harum excepturi atque fugiat quibusdam quidem.',2,'2017-12-15 20:34:05','2017-12-15 20:34:05'),(159,21,'Dr. Nyah Moen DVM','A voluptates blanditiis explicabo odio repudiandae accusamus quaerat. Dignissimos ut perspiciatis ea repellat cupiditate quis quaerat. Alias officia sunt iure accusantium. Expedita aliquam quo ratione voluptatem aliquam.',2,'2017-12-15 20:34:05','2017-12-15 20:34:05'),(160,42,'Sterling Balistreri','Qui similique necessitatibus quaerat quo iure dolor. Autem perferendis ut accusantium nihil. Eum vero odio aperiam repellendus accusamus.',4,'2017-12-15 20:34:05','2017-12-15 20:34:05'),(161,43,'Mr. Josue Becker IV','Et autem voluptatum ea dicta doloremque sed deserunt ullam. Enim enim dignissimos aut non. Et sint eaque non. Repellat impedit quia voluptatem nobis.',3,'2017-12-15 20:34:05','2017-12-15 20:34:05'),(162,63,'Prof. Brayan Murazik','In ea quia et dolorem. Cumque ad quam quisquam veritatis fuga vero soluta. Corrupti esse cum sunt error et aspernatur sequi fuga. Est porro commodi et.',2,'2017-12-15 20:34:05','2017-12-15 20:34:05'),(163,42,'Dr. Karianne Gusikowski','Doloremque veniam sit vero vero sed sunt fugit. Aut et dolorum velit error tenetur et quia et. Itaque rem modi ad repudiandae quis.',0,'2017-12-15 20:34:05','2017-12-15 20:34:05'),(164,36,'Dr. Melany Ankunding PhD','Delectus incidunt ut animi ut quas delectus. Quae qui facilis voluptatem qui. Magni et ad nulla eos. Mollitia velit laboriosam occaecati occaecati itaque qui.',4,'2017-12-15 20:34:05','2017-12-15 20:34:05'),(165,25,'Dr. Curt Bernier','Et explicabo excepturi explicabo. Velit laboriosam asperiores commodi enim ea. Atque voluptas qui animi eveniet dolores. Consequatur dignissimos repellat expedita voluptatem recusandae labore.',5,'2017-12-15 20:34:05','2017-12-15 20:34:05'),(166,98,'Dr. Kristofer Huels IV','Tenetur dolorem molestiae nam vel voluptatum dolorum. Sequi ut ratione qui soluta necessitatibus est in. Exercitationem quia adipisci ut repellendus.',1,'2017-12-15 20:34:05','2017-12-15 20:34:05'),(167,35,'Opal Lynch','Asperiores omnis porro quod ipsam dolorem non est. Numquam voluptas officiis nobis dolore molestias dolorum. Nesciunt laboriosam totam voluptatem iste sunt et vitae.',0,'2017-12-15 20:34:05','2017-12-15 20:34:05'),(168,98,'Yolanda Prohaska','Totam nostrum autem est sunt. Recusandae voluptate consequatur praesentium dignissimos perspiciatis earum. Corrupti omnis est minus in et eveniet.',0,'2017-12-15 20:34:05','2017-12-15 20:34:05'),(169,55,'Aletha Funk','Molestiae voluptas cumque nisi est enim. Id et quo harum. Ut voluptatem repudiandae voluptatem velit perspiciatis voluptatem. Nesciunt iusto sit ex ut explicabo at hic.',3,'2017-12-15 20:34:05','2017-12-15 20:34:05'),(170,89,'Prof. Bernita Wilderman MD','Consequatur eum est beatae blanditiis incidunt maiores iure dolor. Iure id cumque in in ipsa. Rerum qui libero ipsum repudiandae eum explicabo.',3,'2017-12-15 20:34:05','2017-12-15 20:34:05'),(171,38,'Eloise Mann','Ipsa a id cumque numquam. Alias maiores ex accusantium non nihil qui. Fugiat in dolor molestiae qui sit vitae.',4,'2017-12-15 20:34:05','2017-12-15 20:34:05'),(172,88,'Mrs. Frida Hodkiewicz','Aliquid molestiae adipisci animi suscipit. Doloremque voluptatem autem sit voluptatem doloribus reiciendis. Sed ipsa voluptas illum est.',5,'2017-12-15 20:34:05','2017-12-15 20:34:05'),(173,24,'Dr. Zaria Braun','Ratione totam quaerat vero voluptatem. Sit magnam minima non ex saepe et est. Expedita illo laudantium autem fugiat maiores ut laudantium vel.',4,'2017-12-15 20:34:05','2017-12-15 20:34:05'),(174,97,'Abraham Schaefer','Quae odio possimus explicabo. Qui eaque tenetur minima ut. Quisquam earum labore quisquam at ratione.',2,'2017-12-15 20:34:05','2017-12-15 20:34:05'),(175,65,'Dr. Jabari Hills','In sunt facilis ipsa est. Sed ut quo autem et. Aut est tenetur veritatis in ut rerum ut quia.',3,'2017-12-15 20:34:05','2017-12-15 20:34:05'),(176,66,'Juliana Koss','Explicabo corrupti animi quia. Iure sunt qui sed temporibus sed. Natus exercitationem omnis quo fugiat doloremque. Harum aspernatur vitae excepturi et.',0,'2017-12-15 20:34:05','2017-12-15 20:34:05'),(177,100,'Myles Crist','Tempore aut et nihil corporis ea. Autem incidunt deserunt aperiam voluptatem. Qui nemo ab tempore sequi fugit.',1,'2017-12-15 20:34:05','2017-12-15 20:34:05'),(178,69,'Kasey Smitham','Quia maxime recusandae optio ut. Blanditiis accusamus similique modi. Nam qui nisi suscipit illo voluptas dolor. Doloremque minus qui qui illo. Enim id nihil dolor magni illum possimus qui.',2,'2017-12-15 20:34:05','2017-12-15 20:34:05'),(179,21,'Kiel Bruen','Quam cum corporis incidunt qui quam neque ut. Non est qui quod a placeat et dolorem perferendis. Qui nulla ut quam.',0,'2017-12-15 20:34:05','2017-12-15 20:34:05'),(180,16,'Dr. Maegan Johnson','Ad atque assumenda qui qui. Rerum ut quam id harum delectus sed. Beatae non pariatur alias perspiciatis totam.',1,'2017-12-15 20:34:05','2017-12-15 20:34:05'),(181,20,'Matilda Schultz DDS','Sint dolor repellendus voluptas dolor recusandae numquam in. Illo tenetur veritatis ullam sed consectetur a inventore. Quae corporis fugit ad quia provident tenetur tempora sapiente.',2,'2017-12-15 20:34:05','2017-12-15 20:34:05'),(182,20,'Otto Schulist II','Quibusdam earum sunt doloribus non qui et aut fugit. Autem aliquid asperiores iusto voluptate iure. Modi ullam asperiores labore suscipit eos nobis aut.',3,'2017-12-15 20:34:05','2017-12-15 20:34:05'),(183,95,'Turner Ward','Veritatis et assumenda odio sit sed. Alias dolores error quisquam numquam qui. Aut porro quaerat magnam.',5,'2017-12-15 20:34:05','2017-12-15 20:34:05'),(184,20,'Haley Huels','Quo at corporis inventore modi qui sapiente. Dicta quo cumque libero nobis voluptas rerum. Est voluptas aperiam iste beatae iste ea assumenda. Sequi nesciunt illo atque tenetur aut ducimus ut.',5,'2017-12-15 20:34:05','2017-12-15 20:34:05'),(185,97,'Isidro Quigley','Veniam pariatur laboriosam quos iure et veniam. Exercitationem sit adipisci et soluta deserunt et et. Dicta illum ex culpa reiciendis atque sunt. Suscipit voluptas provident dolore.',1,'2017-12-15 20:34:05','2017-12-15 20:34:05'),(186,100,'Tyrese Hodkiewicz','Nihil eos explicabo minus omnis sed. Dolorem quo vero autem unde et at. Dolorum sed magnam accusamus fugiat. Doloremque tenetur repudiandae fugiat.',4,'2017-12-15 20:34:05','2017-12-15 20:34:05'),(187,63,'Russ Bauch','Quam modi et quia harum perspiciatis at. Nostrum id dolore ut iste aspernatur. Aut doloremque aliquam voluptatum consequatur quam aperiam excepturi.',2,'2017-12-15 20:34:05','2017-12-15 20:34:05'),(188,91,'Mr. Jamil Prohaska III','Dolorem eaque optio illum praesentium quos nesciunt enim. Officia explicabo voluptate ratione esse.',5,'2017-12-15 20:34:05','2017-12-15 20:34:05'),(189,90,'Rodger Beier','Dolores odio ad eligendi ipsum sunt nisi. Unde ut nam dolor earum. Non vel repudiandae nihil in. Qui doloremque officiis placeat.',5,'2017-12-15 20:34:05','2017-12-15 20:34:05'),(190,66,'Cristobal Hoppe','Eligendi aliquam aliquam voluptatem id repellendus accusamus dolorem. Est est officiis laboriosam sequi dolor necessitatibus accusamus.',2,'2017-12-15 20:34:05','2017-12-15 20:34:05'),(191,67,'Michaela Walter','Reprehenderit adipisci cumque ratione vitae aliquid harum molestias quasi. Animi voluptas voluptatem sit et. Non nihil possimus omnis dolores ea repellendus. Quia repudiandae officiis dolorem quasi atque inventore voluptatum.',3,'2017-12-15 20:34:05','2017-12-15 20:34:05'),(192,75,'Prof. Lucas Ziemann','Facilis impedit autem eaque praesentium. Eius autem quod omnis voluptas placeat ipsa. Sed iure quia repudiandae voluptatem sed labore. Nam quis fugiat eum ea. Deserunt exercitationem quos et.',2,'2017-12-15 20:34:05','2017-12-15 20:34:05'),(193,51,'Allen Gerhold','Facere velit quia sit a maxime eum. Rerum cupiditate consequatur non. Esse consequatur et est laudantium amet. Aut consequatur id veniam quidem.',5,'2017-12-15 20:34:05','2017-12-15 20:34:05'),(194,77,'Lance Hills','Et quo quo dolores dolore. Nulla ipsa eos at voluptatem. Ipsam molestias perspiciatis placeat id est.',5,'2017-12-15 20:34:05','2017-12-15 20:34:05'),(195,32,'Raquel Barton','Quae et libero ad molestiae. Itaque aut non vel natus qui temporibus accusantium. Iusto ipsum consequatur debitis tempora molestias.',4,'2017-12-15 20:34:05','2017-12-15 20:34:05'),(196,15,'Dallin Wisozk','Est quasi nesciunt ut dolor rerum eveniet in. Magni vero accusamus molestiae quo sint velit nihil. Sunt error alias quis et iure perspiciatis. Aperiam eum est neque cupiditate ad delectus corporis. Illum quia vel nobis consequatur totam.',3,'2017-12-15 20:34:05','2017-12-15 20:34:05'),(197,96,'Jody Carter','Fuga ut quo cumque fugit corrupti libero et. Voluptatibus aut et eum quas quia. Est similique aspernatur repudiandae voluptatem. Aut fugit sed et dolorem est blanditiis.',4,'2017-12-15 20:34:05','2017-12-15 20:34:05'),(198,38,'Destinee Hahn','Est voluptate commodi fuga quas possimus eos. Tempore unde iusto necessitatibus hic. Voluptas rerum ex architecto explicabo consectetur atque.',0,'2017-12-15 20:34:05','2017-12-15 20:34:05'),(199,66,'Johathan Ferry','Earum eligendi nobis nobis sunt non sit. Inventore voluptas rerum ut ipsum. Officia a magnam qui deserunt aut sequi et aut.',5,'2017-12-15 20:34:05','2017-12-15 20:34:05'),(200,18,'Ms. Libby Donnelly IV','Voluptatem corporis et in adipisci quia commodi architecto quas. Quibusdam laborum doloribus quod explicabo. Modi minima possimus qui expedita nihil veritatis. Dolorem quis dignissimos autem eligendi error et dolor.',5,'2017-12-15 20:34:05','2017-12-15 20:34:05'),(201,96,'Santos Langosh V','Optio hic ut delectus natus dolorum quaerat. Itaque enim et ipsam. Vel voluptas culpa vel libero ut eum consequatur. Saepe quas nostrum ut distinctio eos ea voluptatem.',2,'2017-12-15 20:34:05','2017-12-15 20:34:05'),(202,66,'Marc Haag','Debitis dolor in cupiditate et aut id molestias quia. Omnis officiis voluptates necessitatibus fugiat ipsa aperiam. Distinctio maxime id iusto.',2,'2017-12-15 20:34:05','2017-12-15 20:34:05'),(203,70,'Dr. Brooke Beer','Voluptate architecto ut maxime qui iusto ea. Ducimus aspernatur est quia magni porro. Saepe nulla explicabo et dolore aut provident est.',5,'2017-12-15 20:34:05','2017-12-15 20:34:05'),(204,75,'Megane McKenzie','Asperiores culpa sit aut sapiente incidunt eum molestiae. Aut et qui dolores beatae quis. Nihil quis saepe minima et quis officiis.',3,'2017-12-15 20:34:05','2017-12-15 20:34:05'),(205,84,'Natalie O\'Hara','Et minima nemo sed ullam et doloribus. Sed maiores fugiat sint inventore blanditiis corrupti. Eum aliquam vero facilis impedit quaerat. Rerum velit cumque voluptate necessitatibus odio quia.',3,'2017-12-15 20:34:05','2017-12-15 20:34:05'),(206,47,'Leatha Heaney','Suscipit nam rerum autem maxime animi. Voluptas exercitationem recusandae tenetur sed alias. Quod tempora quam voluptates voluptatum. Dolorem rerum modi quo aut voluptatem quibusdam.',1,'2017-12-15 20:34:05','2017-12-15 20:34:05'),(207,76,'Ms. Janae Lakin','Ex amet amet dolor corporis a nesciunt doloribus placeat. Perferendis at dignissimos modi quos deleniti porro inventore. Sed vitae accusantium sed est quia quaerat dignissimos.',3,'2017-12-15 20:34:05','2017-12-15 20:34:05'),(208,88,'Verlie Baumbach','Est culpa et quos et ratione eos. Dolorum laudantium ut occaecati aut id. Corporis quae omnis magnam ullam facilis. Qui explicabo omnis dolorem ea ut incidunt ut. Quo ea omnis iusto voluptas.',4,'2017-12-15 20:34:05','2017-12-15 20:34:05'),(209,77,'Albina Effertz','Sit distinctio fuga asperiores nihil officiis. Sed magni impedit recusandae aut accusantium expedita vero. Eligendi error fuga sapiente explicabo totam reprehenderit quia. Asperiores dolor ratione asperiores quod tenetur dicta.',5,'2017-12-15 20:34:05','2017-12-15 20:34:05'),(210,84,'Gracie O\'Reilly','Consequatur quas veniam facere rerum dignissimos commodi vitae. Quia nam quisquam iusto vel dolorem quaerat cum. Mollitia autem modi esse voluptatem. Aperiam dolorem minima et ut magni laborum.',4,'2017-12-15 20:34:05','2017-12-15 20:34:05'),(211,48,'Estel Torp','Dolorum sunt quis fugit temporibus autem voluptatem magnam. Eos doloremque vel eos maiores optio. Animi maxime aut corrupti incidunt qui. Optio dolorem maiores asperiores cum maiores explicabo distinctio.',4,'2017-12-15 20:34:05','2017-12-15 20:34:05'),(212,59,'Dr. Gregg Stoltenberg','Iste et reiciendis a minima commodi neque beatae consequatur. Eveniet praesentium reprehenderit voluptas. Quisquam ut expedita illum voluptas.',2,'2017-12-15 20:34:05','2017-12-15 20:34:05'),(213,13,'Brennon Mann','Excepturi corporis hic blanditiis id. Velit velit dolore voluptatem sunt ratione necessitatibus. Nihil quia molestiae eaque vel quia ut. Hic quae blanditiis et quia officiis.',2,'2017-12-15 20:34:05','2017-12-15 20:34:05'),(214,28,'Chad Erdman','Repellendus distinctio eligendi unde enim ut illum. Ducimus earum ut quo. Eos dolorem est voluptatem fugiat molestiae aperiam. Voluptatibus accusantium soluta non quia sit qui laborum.',2,'2017-12-15 20:34:05','2017-12-15 20:34:05'),(215,40,'Shannon Marks','Aperiam nostrum voluptatibus dolores at voluptas. Eius autem fuga provident quisquam accusamus quis ut. Dignissimos excepturi quos esse quia est magnam unde.',5,'2017-12-15 20:34:05','2017-12-15 20:34:05'),(216,9,'Lavinia Kilback','Fuga iure repellat atque voluptatibus totam qui dolor. Aut minima dolorem perferendis ratione. Enim ipsa soluta quasi id.',4,'2017-12-15 20:34:05','2017-12-15 20:34:05'),(217,100,'Raoul Wilderman PhD','Ut sed et quam ullam culpa. Nam alias neque itaque aliquam nisi tenetur deserunt. Nam et voluptatibus facere architecto est cum.',0,'2017-12-15 20:34:05','2017-12-15 20:34:05'),(218,95,'Mrs. Adela Daugherty','Et earum dicta a saepe et ducimus iure. Quia sequi velit eum voluptatem. Ullam omnis sed sint in quaerat et et.',3,'2017-12-15 20:34:05','2017-12-15 20:34:05'),(219,5,'Ms. Hildegard Marvin','Sit qui odio tempore quis assumenda consequatur at. Rerum optio veritatis ab et deleniti. Amet mollitia maxime modi voluptatem praesentium explicabo unde facilis.',5,'2017-12-15 20:34:05','2017-12-15 20:34:05'),(220,92,'Evie Dare','Cupiditate nisi asperiores eos tempore et. Accusamus eveniet dolores dolorem vel. Molestias numquam dolorem tempore pariatur quis.',2,'2017-12-15 20:34:05','2017-12-15 20:34:05'),(221,60,'Lucinda Altenwerth','Dignissimos facilis animi aut maxime sit sunt. Eveniet porro odio odio sequi quasi nostrum. Quia tempore eius voluptate labore est officiis aut alias. Id earum iste non sequi corporis ex quam.',5,'2017-12-15 20:34:05','2017-12-15 20:34:05'),(222,64,'Della Schiller','Temporibus modi est tempora ex. Eligendi quis eum quia quo ea. Aut reiciendis ipsam dolores voluptas ut maxime consequatur. Blanditiis porro eveniet et nam aut cumque cumque aut.',3,'2017-12-15 20:34:05','2017-12-15 20:34:05'),(223,67,'Lavada Gislason I','Id consectetur dolore quas harum sunt. Qui ut dolorem voluptatibus nisi dicta illum nulla. Autem autem similique et pariatur quasi. Doloremque repellendus perferendis eum tempora.',0,'2017-12-15 20:34:05','2017-12-15 20:34:05'),(224,4,'Carmelo Spinka','Eos fuga et ex cumque possimus omnis sapiente. Incidunt consectetur recusandae cum adipisci eum. Quos doloribus unde quae vero libero itaque.',1,'2017-12-15 20:34:05','2017-12-15 20:34:05'),(225,83,'Eduardo Rice','Porro quam molestias voluptas velit numquam iure dicta. Quaerat ipsum temporibus doloremque beatae a fugiat. Velit voluptas animi ratione ea et. Eveniet alias saepe voluptas nemo ut in corrupti.',3,'2017-12-15 20:34:05','2017-12-15 20:34:05'),(226,90,'Mac Ullrich','Beatae pariatur distinctio deserunt reiciendis. Magni qui voluptatem expedita officiis ut voluptatem et. Ipsa adipisci deleniti perspiciatis delectus.',0,'2017-12-15 20:34:05','2017-12-15 20:34:05'),(227,98,'Miss Emma Barrows','Aut neque culpa voluptatibus tempora voluptatibus. Laudantium dicta eos iure sit quo molestiae et quasi. Ut excepturi atque nulla est distinctio praesentium autem.',3,'2017-12-15 20:34:05','2017-12-15 20:34:05'),(228,22,'Kacie O\'Hara','In quia suscipit veritatis dicta. Et dolores distinctio assumenda quia voluptatum a a ipsam. Reprehenderit veritatis ut hic atque. Atque ipsum quo perferendis totam iste qui nihil omnis.',5,'2017-12-15 20:34:05','2017-12-15 20:34:05'),(229,54,'Dr. Sandra Boyle','Consequuntur voluptas impedit et iure eum. Consequuntur neque maxime iure explicabo corporis. Qui suscipit voluptas in excepturi quibusdam. Aut voluptatibus ipsa delectus.',4,'2017-12-15 20:34:05','2017-12-15 20:34:05'),(230,75,'Isabell Wisozk','Saepe consectetur est et minima veniam vitae recusandae. Qui et nulla molestias facilis. Quas odit rem sunt ad quia hic. Placeat nam odio eligendi asperiores. Facilis qui cumque ut aut et autem tenetur.',1,'2017-12-15 20:34:05','2017-12-15 20:34:05'),(231,66,'Grover Hartmann IV','Quo non sit ipsum vero harum veritatis voluptate. Explicabo hic quis eos saepe eos tenetur sunt. Dolorum eum excepturi maxime consequatur eligendi et aut.',3,'2017-12-15 20:34:05','2017-12-15 20:34:05'),(232,34,'Kailyn Turner','Ab reprehenderit sunt sit alias optio deserunt. Non labore aut dicta vel hic et. Et voluptas fugit nemo molestiae.',0,'2017-12-15 20:34:05','2017-12-15 20:34:05'),(233,88,'Miss Neva Block PhD','Vel ullam est ex ipsum aut. Praesentium dolores aut architecto vero nulla. Cum aut quidem dolores est perferendis nemo.',0,'2017-12-15 20:34:05','2017-12-15 20:34:05'),(234,58,'Destany Gusikowski PhD','Distinctio voluptatem architecto nam voluptatem non. Quaerat odio est quam fugit et. Id illo aliquid sit. Sed aliquam illum et expedita. Excepturi quidem blanditiis nam quam laborum.',2,'2017-12-15 20:34:05','2017-12-15 20:34:05'),(235,30,'Salvador Torp','Expedita nulla quo saepe consequatur dolorum in animi quod. Laudantium tempora porro aperiam in dolores explicabo. Nihil excepturi ex voluptas corrupti nulla.',3,'2017-12-15 20:34:05','2017-12-15 20:34:05'),(236,40,'Karen Swaniawski Sr.','Aut vel qui aut accusamus cumque. Dolorem non repellendus explicabo et est tempore expedita.',4,'2017-12-15 20:34:05','2017-12-15 20:34:05'),(237,23,'Robbie Wilkinson','Eveniet qui quo quae aut eum delectus fugiat. Nisi nihil omnis eaque laudantium. Ut tenetur minima et at adipisci qui ut fugiat. Voluptatum qui minus incidunt delectus ipsum doloribus molestiae.',4,'2017-12-15 20:34:05','2017-12-15 20:34:05'),(238,53,'Zechariah Aufderhar','Dolores et eaque voluptatem. Unde dolore architecto totam et non corporis. Et sed dolor error enim. Sunt consequatur amet vero soluta a.',3,'2017-12-15 20:34:05','2017-12-15 20:34:05'),(239,7,'Payton Cummings','Error repellendus cupiditate magnam commodi magnam cumque sint. Tenetur ratione odit veritatis et assumenda explicabo. Labore repellendus voluptatum officia. Totam odio veritatis dolores atque nihil aliquid officia.',5,'2017-12-15 20:34:05','2017-12-15 20:34:05'),(240,8,'Nayeli Schmitt','Odit qui autem et tempora repellendus. Sint dolor minima cupiditate vel. Fuga explicabo ea magnam voluptatem id. Corporis eius eos quas dolorem.',0,'2017-12-15 20:34:05','2017-12-15 20:34:05'),(241,96,'Mrs. Linnie Fay I','Iste atque dolorem voluptatem beatae ipsum voluptatem commodi natus. Beatae culpa tenetur aliquid a non. Sunt minus optio mollitia sint.',3,'2017-12-15 20:34:05','2017-12-15 20:34:05'),(242,55,'Stephen Crona DVM','Libero dolores delectus et. Quisquam voluptatem adipisci velit. In fugit a quaerat voluptatum debitis id. Dolor qui omnis autem natus occaecati.',2,'2017-12-15 20:34:05','2017-12-15 20:34:05'),(243,96,'Freddie Kunde','Sunt incidunt voluptas dolores consequatur eos. Culpa voluptatum rem neque consequuntur quas. Quasi ipsa quasi modi non repellat. Dolor magnam voluptas et quam omnis est est autem.',2,'2017-12-15 20:34:05','2017-12-15 20:34:05'),(244,28,'Jeramy Cummings','Qui blanditiis voluptates quia voluptatem officia. Accusamus nulla consequatur sunt optio.',1,'2017-12-15 20:34:05','2017-12-15 20:34:05'),(245,97,'Delia Collins','Saepe excepturi doloremque suscipit earum aperiam praesentium. Repellat et amet non facilis itaque aut dolorem reiciendis. Vel quod occaecati maiores suscipit molestiae quaerat quis. A qui vel possimus qui.',2,'2017-12-15 20:34:05','2017-12-15 20:34:05'),(246,14,'Asa Windler','Expedita aut voluptas animi. Rerum enim quae id repellat.',0,'2017-12-15 20:34:05','2017-12-15 20:34:05'),(247,5,'Mr. Austen Stehr','Nesciunt sed nihil vel aut dignissimos. Cupiditate aspernatur veritatis repudiandae quo occaecati qui voluptatum non. Tenetur quis ad et et odit. Corrupti et impedit optio sit dolore.',1,'2017-12-15 20:34:05','2017-12-15 20:34:05'),(248,85,'Prof. Chanelle Sporer','Rerum hic doloremque ut aliquid expedita. Culpa laudantium excepturi velit. Aut et incidunt qui aut error quia sunt.',2,'2017-12-15 20:34:05','2017-12-15 20:34:05'),(249,80,'Garland Mitchell','Dolore voluptas omnis consequatur rerum nesciunt. Repellendus quis ea eum. Sapiente odit voluptatem delectus architecto aut laudantium perspiciatis. Rerum accusamus aliquid modi placeat officia et.',2,'2017-12-15 20:34:05','2017-12-15 20:34:05'),(250,96,'Chester Herzog','Omnis et qui ab ab ipsum quo itaque. Cupiditate quasi excepturi ut recusandae. Nam aliquid tenetur blanditiis. Error provident incidunt cupiditate beatae nemo porro et.',2,'2017-12-15 20:34:05','2017-12-15 20:34:05'),(251,34,'Jackie Rice','Et natus excepturi aperiam aliquam nihil et iure. Sunt unde nulla veniam labore facilis. Non veniam aperiam voluptas.',3,'2017-12-15 20:34:05','2017-12-15 20:34:05'),(252,77,'Ewell Tromp','Aut inventore vitae inventore optio voluptas. Placeat occaecati praesentium sint maxime ut alias neque et. Maiores eius necessitatibus ut consequatur perspiciatis cupiditate ratione. Vel iure soluta voluptatem eveniet numquam.',2,'2017-12-15 20:34:05','2017-12-15 20:34:05'),(253,33,'Salvador Weimann','Id nemo doloribus ratione consectetur. Eius voluptas consequatur deserunt sint voluptatem.',4,'2017-12-15 20:34:05','2017-12-15 20:34:05'),(254,24,'Mr. Jimmie Boyle PhD','Repudiandae tenetur ut iste explicabo veritatis. Ipsam aut temporibus aspernatur inventore consequatur. Eos dicta aut beatae nulla. Voluptatibus debitis eum doloremque quod esse nihil.',3,'2017-12-15 20:34:05','2017-12-15 20:34:05'),(255,8,'Esther Labadie','Perferendis occaecati est vitae blanditiis quaerat beatae. Quia ducimus quas magni itaque libero dolorem sed.',0,'2017-12-15 20:34:05','2017-12-15 20:34:05'),(256,34,'Penelope Eichmann PhD','Et sed perspiciatis repudiandae adipisci nobis. Non ab perspiciatis temporibus quasi aut consequatur. Necessitatibus labore cum aspernatur eaque architecto et. Suscipit quae amet a repudiandae quia omnis.',3,'2017-12-15 20:34:05','2017-12-15 20:34:05'),(257,86,'April Ferry V','Minima nemo doloremque nisi iure. Autem a ipsa iure alias soluta et aut ad. Iure est dolorem voluptate soluta porro aut et. Sequi facere sunt autem quas quidem.',0,'2017-12-15 20:34:05','2017-12-15 20:34:05'),(258,19,'Raina Brown','Officia facilis autem accusamus. Mollitia blanditiis consectetur molestiae repellat.',5,'2017-12-15 20:34:05','2017-12-15 20:34:05'),(259,63,'Dr. Shyann McClure','Tempora sequi minus ea autem accusamus dolorem ut. Unde sint saepe incidunt soluta et. Rerum corrupti praesentium magnam ipsam ut autem enim minus. Fugit rem et veritatis cumque in et. Et ut ut impedit nulla.',3,'2017-12-15 20:34:05','2017-12-15 20:34:05'),(260,90,'Concepcion Heathcote','Unde odio est ipsum earum. Nostrum vitae ad est reprehenderit. Repellat eligendi et quis et. Sint voluptas ut similique et omnis neque perferendis.',1,'2017-12-15 20:34:05','2017-12-15 20:34:05'),(261,45,'Miss Elmira Rogahn','Itaque et repellendus et velit. Minima incidunt incidunt aut quia ex est quia. Quis eos voluptatem animi rerum distinctio quis. Nostrum quasi ab qui omnis nostrum voluptatibus.',0,'2017-12-15 20:34:05','2017-12-15 20:34:05'),(262,5,'Leopoldo Hermann III','Consequatur et reiciendis reiciendis et et rerum aut. Ea corrupti unde quia dolor sequi voluptate amet. Quo ab est sed maiores voluptatum et veniam.',0,'2017-12-15 20:34:05','2017-12-15 20:34:05'),(263,67,'Hardy Kub','Aperiam quo a ea est dolor. Quia sapiente voluptatem incidunt omnis voluptas quia non.',1,'2017-12-15 20:34:05','2017-12-15 20:34:05'),(264,62,'Lamont Kreiger','Ut quis enim placeat. Et aliquam sed quia recusandae quia sed. Vero quia ipsum qui. Molestiae expedita accusantium dolorem rem maxime rem amet.',1,'2017-12-15 20:34:05','2017-12-15 20:34:05'),(265,60,'Schuyler Ward IV','Excepturi fugit maxime ut. Quia facere veritatis officia delectus temporibus beatae quas. Alias quis ullam eos quasi. Minus similique qui ut in error omnis.',5,'2017-12-15 20:34:05','2017-12-15 20:34:05'),(266,79,'Cicero Goodwin','Id optio error ipsam dolor ut. Cupiditate et quibusdam delectus dolores occaecati rerum atque laudantium. Omnis est quae ab at. Autem incidunt corrupti deserunt doloribus repudiandae et molestiae.',1,'2017-12-15 20:34:05','2017-12-15 20:34:05'),(267,70,'Jewell Graham DDS','Exercitationem libero fugit ut voluptate voluptatem. Amet amet et consequuntur molestiae.',3,'2017-12-15 20:34:05','2017-12-15 20:34:05'),(268,90,'Nia Mante MD','Blanditiis vel eos sint et quidem dolor. Repellendus voluptatem animi est sequi. Saepe tenetur error nemo dolores. Vel nemo blanditiis et molestias fugiat provident placeat.',1,'2017-12-15 20:34:05','2017-12-15 20:34:05'),(269,14,'Brittany Stracke','Occaecati magni quidem ab modi necessitatibus nobis provident. Laudantium atque voluptas similique est qui beatae.',0,'2017-12-15 20:34:05','2017-12-15 20:34:05'),(270,88,'Reece Morissette','Voluptatem cumque quo aut in quis consequatur odio. Tempora sequi facilis aut occaecati. Tempore non voluptatibus ut voluptate nam aut quo ex. Quia asperiores assumenda repellat cum.',3,'2017-12-15 20:34:05','2017-12-15 20:34:05'),(271,32,'Bridgette Pagac','Maxime omnis aliquid inventore aliquid est ullam. Aut ut corporis libero dicta. Sed ut aspernatur debitis maiores.',2,'2017-12-15 20:34:05','2017-12-15 20:34:05'),(272,37,'Dr. Susie Durgan','Iste tempora similique ipsum minima illum sit sunt. Dolores maiores officiis et cumque eos. Quidem ab voluptatem voluptatem labore alias. Velit voluptas atque excepturi minima quidem in.',3,'2017-12-15 20:34:05','2017-12-15 20:34:05'),(273,92,'Roosevelt Gibson','Facilis a aliquid ullam magnam quia praesentium ratione. Repellat nihil qui asperiores tempora vero eum vel maiores. Repudiandae amet voluptate qui asperiores voluptatem. Qui doloremque ullam assumenda.',2,'2017-12-15 20:34:05','2017-12-15 20:34:05'),(274,79,'Jose Nolan','Nulla sequi omnis rerum dicta. Cupiditate soluta iusto qui qui non magni aut. Ipsam laudantium adipisci sit assumenda ullam voluptatibus explicabo sunt. Vero aut libero voluptas laboriosam.',1,'2017-12-15 20:34:05','2017-12-15 20:34:05'),(275,75,'Jaquan Purdy','Consequuntur quam quo eos a quam doloremque eaque. Voluptate eius perferendis tempora. Aut excepturi aut inventore voluptatem nam.',3,'2017-12-15 20:34:05','2017-12-15 20:34:05'),(276,13,'Monte Leannon','Veniam sint labore quae modi. Est quis iste quia rerum fugit. Illum rem et est enim ab quas sint. Unde voluptates ratione officiis laborum.',5,'2017-12-15 20:34:05','2017-12-15 20:34:05'),(277,73,'Avis Turner','Nam qui quis error ut consequatur voluptatem fuga aliquam. Omnis molestiae aut quod sint vitae et quia.',0,'2017-12-15 20:34:05','2017-12-15 20:34:05'),(278,96,'Dr. Dale Metz','Voluptatum et ullam deserunt repellat sunt corrupti veniam. Et id necessitatibus qui recusandae nemo quae quaerat amet. Sit nostrum quod doloremque rerum porro. Iusto reiciendis ut est voluptatum sed provident. Ex molestiae distinctio impedit molestias ullam qui rerum.',3,'2017-12-15 20:34:05','2017-12-15 20:34:05'),(279,87,'Pasquale Bosco','Molestiae soluta at illo non minima nam. Sint vero eum veritatis placeat consequuntur omnis qui deleniti. Reprehenderit qui alias natus laboriosam ex velit excepturi.',5,'2017-12-15 20:34:05','2017-12-15 20:34:05'),(280,25,'Ezekiel Padberg','Hic quibusdam odit amet ducimus in quos. Eveniet est aut nisi cupiditate vel ab. Dolores alias aut culpa ut hic nisi nisi.',4,'2017-12-15 20:34:05','2017-12-15 20:34:05'),(281,11,'Ms. Maybelle Dickens','Dolorem voluptatem sit maxime harum nihil. Commodi culpa laudantium debitis recusandae. Corrupti dolore debitis magni sit animi praesentium.',0,'2017-12-15 20:34:05','2017-12-15 20:34:05'),(282,43,'Kristina Kessler','Voluptatem et consequatur et doloribus id eaque maiores sunt. Autem asperiores aliquid ipsa.',3,'2017-12-15 20:34:05','2017-12-15 20:34:05'),(283,35,'Lew Hermann','Provident rerum enim quia provident ullam dolor. Autem ipsam tenetur quae dolores ullam omnis odit quia. Aut labore aut quidem ea amet. Dolorum in non quo.',5,'2017-12-15 20:34:05','2017-12-15 20:34:05'),(284,7,'Prof. Rory Nolan DDS','Quas eos non eos ratione vero asperiores sunt vel. Odio culpa nisi dignissimos dignissimos. Fugiat qui voluptatem maxime doloribus et. Veritatis dolor et delectus.',2,'2017-12-15 20:34:05','2017-12-15 20:34:05'),(285,62,'Kevin Waelchi I','Voluptates necessitatibus qui fugiat vel illum pariatur eum. Id iure nihil qui aut vero. Quod eaque ipsum quos unde velit fugiat voluptates eligendi. Molestiae rerum quisquam nostrum blanditiis.',0,'2017-12-15 20:34:05','2017-12-15 20:34:05'),(286,2,'Nicole Leffler','Quaerat distinctio ex repudiandae ut odio culpa expedita. Repellendus non ut illum repellendus minima quia. Unde recusandae quaerat porro tempore.',0,'2017-12-15 20:34:05','2017-12-15 20:34:05'),(287,38,'Reinhold Beier','Eligendi officiis doloribus nihil consequatur rerum. Odit tempora voluptatem recusandae totam.',4,'2017-12-15 20:34:05','2017-12-15 20:34:05'),(288,59,'Johnson Schultz','Odio dignissimos asperiores pariatur. Asperiores velit aut maxime ex id autem.',1,'2017-12-15 20:34:05','2017-12-15 20:34:05'),(289,41,'Fritz Schuster','Esse et quo ducimus modi natus voluptatem architecto dolor. Perferendis perspiciatis suscipit et aut dolor mollitia. Nisi velit magni voluptate laborum.',3,'2017-12-15 20:34:05','2017-12-15 20:34:05'),(290,37,'Dr. Estelle Hane','Aut consequatur accusantium doloribus voluptate suscipit a ullam. Repellendus earum quasi non tempora ratione corporis. Voluptatem vel voluptatem ut laborum vel eum. Esse quod omnis quibusdam et.',5,'2017-12-15 20:34:05','2017-12-15 20:34:05'),(291,1,'Rhianna Glover','Enim earum nostrum non. Est vel rem quo ut necessitatibus veritatis. Et ut ducimus distinctio qui veniam eos. Magnam nulla accusamus assumenda voluptates. Aperiam tenetur cum ut aut asperiores totam.',5,'2017-12-15 20:34:05','2017-12-15 20:34:05'),(292,59,'Emmalee Hamill','Quia similique velit voluptatem omnis. Cum porro quaerat beatae. Itaque veritatis praesentium hic et similique laborum nam. Rerum possimus eligendi a sit sed.',1,'2017-12-15 20:34:05','2017-12-15 20:34:05'),(293,74,'Vidal Schaefer','Blanditiis repudiandae reprehenderit ut quae dolorum ducimus consequuntur. Autem numquam odit sed officiis dolores. Repellendus eaque blanditiis dolor est ipsam vitae.',4,'2017-12-15 20:34:05','2017-12-15 20:34:05'),(294,87,'Samara Ruecker','Reiciendis et voluptatem ut nulla enim sapiente. Vel sit eos reiciendis cum ea. Occaecati enim culpa voluptatum cumque non rerum officia quam. Eos quasi sed et enim amet aut dignissimos sapiente.',5,'2017-12-15 20:34:05','2017-12-15 20:34:05'),(295,21,'Ewald Rowe','Officia quia quia quis aut et. Aliquam ut minus dolore ex praesentium et ipsa. Hic rem inventore numquam non et laborum. Fugiat atque laboriosam dolor expedita facilis enim laboriosam. Sed et quis reiciendis quisquam animi veritatis consequatur quo.',0,'2017-12-15 20:34:05','2017-12-15 20:34:05'),(296,13,'Prof. Carter Bradtke PhD','Qui nobis placeat et officia. Laudantium officiis inventore sed officiis sit non. Facilis aut perferendis aut et qui ea perspiciatis.',3,'2017-12-15 20:34:05','2017-12-15 20:34:05'),(297,67,'Amelia Flatley','Quis consectetur earum rerum impedit voluptas voluptas. Culpa est sed illo dicta et ut et. Aliquid ipsum fugiat consequuntur nemo iusto.',3,'2017-12-15 20:34:05','2017-12-15 20:34:05'),(298,92,'Keith Watsica MD','Beatae nam cupiditate eum. Et quo magnam fugit voluptas inventore doloribus hic. Possimus distinctio modi fugit tenetur et eligendi ut.',3,'2017-12-15 20:34:05','2017-12-15 20:34:05'),(299,9,'Prof. Camille Koch','Dolore ab quis molestiae dolor provident quaerat magnam. Rerum non accusamus et voluptate. Quae quia qui unde voluptatem. Eius qui consequuntur voluptatum laboriosam incidunt accusamus necessitatibus consequatur.',2,'2017-12-15 20:34:05','2017-12-15 20:34:05'),(300,86,'Baby Ebert','Et quod nostrum provident cum esse ducimus. Eum minus tempore non consequatur quaerat accusantium. Nulla sunt odit illo nesciunt.',2,'2017-12-15 20:34:05','2017-12-15 20:34:05');
/*!40000 ALTER TABLE `reviews` ENABLE KEYS */;
UNLOCK TABLES;

--
-- Table structure for table `users`
--

DROP TABLE IF EXISTS `users`;
/*!40101 SET @saved_cs_client     = @@character_set_client */;
/*!40101 SET character_set_client = utf8 */;
CREATE TABLE `users` (
  `id` int(10) unsigned NOT NULL AUTO_INCREMENT,
  `name` varchar(255) COLLATE utf8mb4_unicode_ci NOT NULL,
  `email` varchar(255) COLLATE utf8mb4_unicode_ci NOT NULL,
  `password` varchar(255) COLLATE utf8mb4_unicode_ci NOT NULL,
  `remember_token` varchar(100) COLLATE utf8mb4_unicode_ci DEFAULT NULL,
  `created_at` timestamp NULL DEFAULT NULL,
  `updated_at` timestamp NULL DEFAULT NULL,
  PRIMARY KEY (`id`),
  UNIQUE KEY `users_email_unique` (`email`)
) ENGINE=InnoDB DEFAULT CHARSET=utf8mb4 COLLATE=utf8mb4_unicode_ci;
/*!40101 SET character_set_client = @saved_cs_client */;

--
-- Dumping data for table `users`
--

LOCK TABLES `users` WRITE;
/*!40000 ALTER TABLE `users` DISABLE KEYS */;
/*!40000 ALTER TABLE `users` ENABLE KEYS */;
UNLOCK TABLES;
/*!40103 SET TIME_ZONE=@OLD_TIME_ZONE */;

/*!40101 SET SQL_MODE=@OLD_SQL_MODE */;
/*!40014 SET FOREIGN_KEY_CHECKS=@OLD_FOREIGN_KEY_CHECKS */;
/*!40014 SET UNIQUE_CHECKS=@OLD_UNIQUE_CHECKS */;
/*!40101 SET CHARACTER_SET_CLIENT=@OLD_CHARACTER_SET_CLIENT */;
/*!40101 SET CHARACTER_SET_RESULTS=@OLD_CHARACTER_SET_RESULTS */;
/*!40101 SET COLLATION_CONNECTION=@OLD_COLLATION_CONNECTION */;
/*!40111 SET SQL_NOTES=@OLD_SQL_NOTES */;

-- Dump completed on 2017-12-15 20:36:28
